Missione;Descrizione Missione;Componente;Descrizione Componente;ID Misura;Codice Univoco Misura;Descrizione Misura;Amministrazione Titolare;Codice univoco Milestone-Target;Milestone-Target;Nome Milestone-Target;Avanzamento;﻿Principali evidenze;﻿Allegato 1;﻿Allegato 2;﻿Allegato 3;﻿Allegato 4;﻿Allegato 5;﻿Allegato 6;﻿Allegato 7;﻿Allegato 8;﻿Allegato 9;﻿Allegato 10;﻿Allegato 11;﻿Allegato 12;﻿Allegato 13;﻿Allegato 14;﻿Allegato 15;﻿Allegato 16;﻿Allegato 17;﻿Allegato 18;﻿Allegato 19;﻿Allegato 20;﻿Allegato 21;﻿Allegato 22;﻿Allegato 23;﻿Allegato 24;﻿Allegato 25
M1;Digitalizzazione, innovazione, competitività e cultura;M1C1;Digitalizzazione, innovazione e sicurezza nella PA;M1C1I3;M1C1I3.00;Procedure di assunzione per i tribunali civili, penali e amministrativi;CDS - Cons di Stato;M1C1-33;Target;Avvio delle procedure di assunzione per i tribunali amministrativi;Conseguita;È stato assunto il personale per gli uffici di processo della giustizia amministrativa.;https://trasparenza.cds.giustizia-amministrativa.it/documents/1284375/1505135/Estratto+GU+bando+concorsi+pubblici+TD+1%C2%B0+scaglione+di+168+unit%C3%A0.pdf/b5e62bf0-db69-2f18-9988-730c8760f960?t=1625654928110;https://trasparenza.cds.giustizia-amministrativa.it/documents/1284375/1505135/Convocazione+ex+d.l.+152+del+2021+prova+scritta+assistenti+informatici.pdf/b4e82c8d-5023-db12-f6a6-3dafc2c37eb9?t=1636565805146;https://trasparenza.cds.giustizia-amministrativa.it/documents/1284375/1505135/Concorsi+PNRR+Convocazione+ex+d.l.+152+del+2021+prova+scritta+assistenti+informatici+-+modifica+decreto+n.+382+del+2021.pdf/8dd5962e-8219-db36-a888-b3d8f21e79ab?t=1637744768428https://trasparenza.cds.giustizia-amministrativa.it/documents/1284375/1505135/Concorsi+PNRR+Convocazione+ex+d.l.+152+del+2021+prova+scritta+assistenti+informatici+-+modifica+decreto+n.+382+del+2021.pdf/8dd5962e-8219-db36-a888-b3d8f21e79ab?t=1637744768428;https://trasparenza.cds.giustizia-amministrativa.it/documents/1284375/1505135/Bando+di+concorso+PNRR+n.+6+assistenti+informatici.pdf/9d1f6317-c381-d032-f908-26a4c809018f?t=1643737998854;https://trasparenza.cds.giustizia-amministrativa.it/documents/1284375/1505135/Decreto+n.+468+del+2021+-+Approvazione+atti+e+graduatoria+8+posti+assistente+informatico.pdf/3b4bbabd-bb16-3eb8-48fc-cb688e859fc9?t=1640093075620;https://trasparenza.cds.giustizia-amministrativa.it/documents/1284375/1505135/Approvazione+atti+e+graduatorie+-+decreto+n.+124+del+2022.pdf/8e53f4e0-622a-fb22-b5aa-8f8f48b77032?t=1652356519762;https://trasparenza.cds.giustizia-amministrativa.it/documents/1284375/1564025/Determina+cds.cds_pre.REGISTRO+UFFICIALE%28Int.%29.0043493.29-12-2021.pdf/3b689fc5-9805-a6d1-31e7-ab038042f1de?t=1640770785217;N/A;N/A;N/A;N/A;N/A;N/A;N/A;N/A;N/A;N/A;N/A;N/A;N/A;N/A;N/A;N/A;N/A;N/A
M1;Digitalizzazione, innovazione, competitività e cultura;M1C1;Digitalizzazione, innovazione e sicurezza nella PA;M1C1I2.1;M1C1I2.01;Portale unico del reclutamento;PCM - Min Pub Amm;M1C1-56;Milestone;Entrata in vigore della legislazione attuativa per la riforma del pubblico impiego;Conseguita;"Sono entrate in vigore le seguenti disposizioni legislative: - Articoli 1, 3, 3-bis, 6, 7, 17-quater del Decreto-legge 9 giugno 2021, n. 80, convertito con legge 113/2021, “Misure urgenti per il rafforzamento della capacità amministrativa delle pubbliche amministrazioni funzionale all’attuazione del Piano nazionale di ripresa e resilienza (PNRR) e per l’efficienza della giustizia"" (Decreto-legge 80/2021) - Art. 10 del Decreto-legge 1° aprile 2021 n. 44, convertito con modificazioni dalla L. 28 maggio 2021, n. 128, “Misure urgenti per il contenimento dell'epidemia da COVID-19, in materia di vaccinazioni anti SARS-CoV-2, di giustizia e di concorsi pubblici” (“Decreto-legge 44/2021”) - Articoli 1, 2, 3, 4, 5, 6 del Decreto-legge 30 aprile 2022, n. 36, “Ulteriori misure urgenti per l'attuazione del Piano nazionale di ripresa e resilienza” (“Decreto-legge 36/2022”)  A queste norme si aggiungono: - le disposizioni del Contratto collettivo nazionale del lavoro di lavoro del personale del comparto funzioni centrali triennio 2019-2021, firmato il 9 maggio 2022;  - il Decreto del Presidente della Repubblica che individua e abroga gli adempimenti relativi ai piani assorbiti dal Piano integrato di attività e organizzazione; - il Decreto del Ministro per la Pubblica Amministrazione di concerto con il Ministro dell’Economia e delle Finanza che definisce il “Piano integrato di attività e organizzazione” tipo; - il Decreto del Ministro per la Pubblica Amministrazione recante “Linee di indirizzo per l’individuazione dei nuovi fabbisogni professionali da parte delle amministrazioni pubbliche”. E' inoltre attiva la piattaforma unica di reclutamento (InPa) per centralizzare le procedure di assunzione pubblica per tutte le amministrazioni pubbliche centrali e locali ";https://www.gazzettaufficiale.it/eli/id/2021/05/31/21A03306/sg;https://www.gazzettaufficiale.it/eli/id/2021/05/31/21G00086/sg;https://www.gazzettaufficiale.it/eli/id/2021/08/07/21A04886/sg;http://www.gazzettaufficiale.it/eli/id/2021/08/07/21G00124/sg;http://www.gazzettaufficiale.it/eli/id/2022/04/30/22G00049/sg;https://www.gazzettaufficiale.it/eli/id/2022/06/29/22G00091/SG;https://www.gazzettaufficiale.it/eli/id/2022/05/26/22A03103/sg;https://www.gazzettaufficiale.it/eli/id/2022/06/30/22G00088/sg;https://www.gazzettaufficiale.it/eli/id/2022/06/30/22G00088/sg;https://www.inpa.gov.it/;https://www.gazzettaufficiale.it/eli/id/2021/11/10/21A06655/SG;https://www.gazzettaufficiale.it/eli/id/2022/02/18/22A01279/sg;https://www.gazzettaufficiale.it/eli/id/2021/12/31/21G00256/sg;https://www.funzionepubblica.gov.it/sites/funzionepubblica.gov.it/files/ART_28BIS_DLGS_165_Nota.pdf;N/A;N/A;N/A;N/A;N/A;N/A;N/A;N/A;N/A;N/A;N/A
M1;Digitalizzazione, innovazione, competitività e cultura;M1C1;Digitalizzazione, innovazione e sicurezza nella PA;M1C1R1.10;M1C1R1.10;Riforma del quadro legislativo in materia di appalti pubblici e concessioni;PCM - Pres Cons Min;M1C1-70;Milestone;Entrata in vigore del Codice riveduto degli appalti pubblici (D.lg. n.50/2016);Conseguita;È entrata in vigore la legge delega di riforma del codice degli appalti.;http://www.gazzettaufficiale.it/eli/id/2022/06/24/22G00087/sg;N/A;N/A;N/A;N/A;N/A;N/A;N/A;N/A;N/A;N/A;N/A;N/A;N/A;N/A;N/A;N/A;N/A;N/A;N/A;N/A;N/A;N/A;N/A;N/A
M1;Digitalizzazione, innovazione, competitività e cultura;M1C1;Digitalizzazione, innovazione e sicurezza nella PA;M1C1R1.12;M1C1R1.12;Riforma dell'amministrazione fiscale;MEF - Min Eco e Fin;M1C1-103;Milestone;Entrata in vigore di atti di diritto primario e derivato e delle disposizioni regolamentari e completamento delle procedure amministrative per incoraggiare il rispetto degli obblighi fiscali (tax compliance) e migliorare gli audit e i controlli.;Conseguita;"Sono entrate in vigore le seguenti disposizioni legislative per favorire il rispetto degli obblighi fiscali: - art. 1, co. 10 del Decreto-legge 22 marzo 2021, n. 41 (che modifica dell’art. 4, co. 1.1, del decreto legislativo n. 127 del 2015) e provvedimento dell’Agenzia delle entrate dell’8 luglio 2021 (IVA precompilata); - art. 19-ter del Decreto-legge 152/2021 e successive modifiche introdotte dall’art. 18 del Decreto-legge n. 36 del 30 aprile 2022 (sanzioni amministrative per rifiuto al pagamento elettronico); - art. 5-novies del Decreto-legge 21 ottobre 2021, n. 146 e art. 18, co. 2-4 del Decreto-legge 30 aprile 2022, n. 36 – (azioni contrasto all’evasione da omessa fatturazione). Sono inoltre state attuate misure per migliorare gli audit e i controlli previsti da: - il Piano delle Attività 2022 dell’Agenzia delle Entrate (banca dati lettere di conformità); - l’attuazione delle attività legate alla pseudonimizzazione dei dati.";https://www.gazzettaufficiale.it/eli/id/2021/05/21/21A03181/sg;http://www.gazzettaufficiale.it/eli/id/2021/05/21/21G00080/sg;https://www.gazzettaufficiale.it/eli/id/2021/12/31/21A07784/sg;http://www.gazzettaufficiale.it/eli/id/2021/12/31/21G00257/sg;http://www.gazzettaufficiale.it/eli/id/2022/04/30/22G00049/sg;https://www.gazzettaufficiale.it/eli/id/2022/06/29/22G00091/SG;https://www.gazzettaufficiale.it/eli/id/2021/12/20/21A07536/sg;http://www.gazzettaufficiale.it/eli/id/2021/12/20/21G00238/sg;https://www.gazzettaufficiale.it/eli/id/2019/12/24/19A08000/sg;https://www.gazzettaufficiale.it/eli/id/2019/12/24/19G00164/sg;http://www.gazzettaufficiale.it/eli/id/2015/08/18/15G00143/sg;http://www.gazzettaufficiale.it/eli/id/2021/12/31/21G00256/sg;https://www.mite.gov.it/sites/default/files/archivio/allegati/PNRR/SEC_21.06.22.pdf;N/A;N/A;N/A;N/A;N/A;N/A;N/A;N/A;N/A;N/A;N/A;N/A
M1;Digitalizzazione, innovazione, competitività e cultura;M1C1;Digitalizzazione, innovazione e sicurezza nella PA;M1C1R1.13;M1C1R1.13;"Riforma del quadro di revisione della spesa pubblica (""spending review"")";MEF - Min Eco e Fin;M1C1-104;Milestone;"Adozione di obiettivi di risparmio per le spending review relative agli anni 2023-2025.";Conseguita;Il Documento di Economia e Finanza di aprile 2022 stabilisce un obiettivo di risparmio di spesa aggregato per le amministrazioni centrali dello Stato pari a 0,8 miliardi nel 2023, 1,2 miliardi nel 2024 e 1,5 miliardi dal 2025.;http://documenti.camera.it/_dati/leg18/lavori/documentiparlamentari/IndiceETesti/057/005/INTERO.pdf;N/A;N/A;N/A;N/A;N/A;N/A;N/A;N/A;N/A;N/A;N/A;N/A;N/A;N/A;N/A;N/A;N/A;N/A;N/A;N/A;N/A;N/A;N/A;N/A
M1;Digitalizzazione, innovazione, competitività e cultura;M1C2;Digitalizzazione, innovazione e competitività nel sistema produttivo;M1C2I3.1;M1C2I3.01;Connessioni internet veloci (banda ultra-larga e 5G);MITD - MIN INNOV TEC;M1C2-16;Milestone;Aggiudicazione di tutti gli appalti pubblici per progetti di connessione più veloce;Conseguita;Sono state concluse le procedure d’appalto per le diverse linee di intervento.;https://eur02.safelinks.protection.outlook.com/?url=https%3A%2F%2Fted.europa.eu%2Fudl%3Furi%3DTED%3ANOTICE%3A288894-2022%3ATEXT%3AIT%3AHTML&data=05%7C01%7Clucia.berardi%40mef.gov.it%7Caae730d7f1e1469403ee08da55cd4ba2%7Ca7cc9c7eb24743fdac8a83d8fe99ac09%7C0%7C0%7C637916637458489889%7CUnknown%7CTWFpbGZsb3d8eyJWIjoiMC4wLjAwMDAiLCJQIjoiV2luMzIiLCJBTiI6Ik1haWwiLCJXVCI6Mn0%3D%7C3000%7C%7C%7C&sdata=5BL7YZ4ZvLwB72we%2FqU0%2Bn%2BYNfQH3HbR2mrDRwa%2BNys%3D&reserved=0;https://eur02.safelinks.protection.outlook.com/?url=https%3A%2F%2Fted.europa.eu%2Fudl%3Furi%3DTED%3ANOTICE%3A224984-2022%3ATEXT%3AIT%3AHTML&data=05%7C01%7Clucia.berardi%40mef.gov.it%7Caae730d7f1e1469403ee08da55cd4ba2%7Ca7cc9c7eb24743fdac8a83d8fe99ac09%7C0%7C0%7C637916637458489889%7CUnknown%7CTWFpbGZsb3d8eyJWIjoiMC4wLjAwMDAiLCJQIjoiV2luMzIiLCJBTiI6Ik1haWwiLCJXVCI6Mn0%3D%7C3000%7C%7C%7C&sdata=4TFcAaWSE0bJk9g1Q8fbQNMB0ZcZsB%2FfUH62RTcP0b4%3D&reserved=0;https://eur02.safelinks.protection.outlook.com/?url=https%3A%2F%2Fted.europa.eu%2Fudl%3Furi%3DTED%3ANOTICE%3A235580-2022%3ATEXT%3AIT%3AHTML&data=05%7C01%7Clucia.berardi%40mef.gov.it%7Caae730d7f1e1469403ee08da55cd4ba2%7Ca7cc9c7eb24743fdac8a83d8fe99ac09%7C0%7C0%7C637916637458489889%7CUnknown%7CTWFpbGZsb3d8eyJWIjoiMC4wLjAwMDAiLCJQIjoiV2luMzIiLCJBTiI6Ik1haWwiLCJXVCI6Mn0%3D%7C3000%7C%7C%7C&sdata=ivMqmQiI%2FC6B2U7QDZ%2BZPNh%2Fw4UlS4E7YSUblE38RTg%3D&reserved=0;https://eur02.safelinks.protection.outlook.com/?url=https%3A%2F%2Fted.europa.eu%2Fudl%3Furi%3DTED%3ANOTICE%3A325467-2022%3ATEXT%3AIT%3AHTML%26tabId%3D1&data=05%7C01%7Clucia.berardi%40mef.gov.it%7Caae730d7f1e1469403ee08da55cd4ba2%7Ca7cc9c7eb24743fdac8a83d8fe99ac09%7C0%7C0%7C637916637458489889%7CUnknown%7CTWFpbGZsb3d8eyJWIjoiMC4wLjAwMDAiLCJQIjoiV2luMzIiLCJBTiI6Ik1haWwiLCJXVCI6Mn0%3D%7C3000%7C%7C%7C&sdata=iqVonyPUXTXLGcerkpmbDRfcTcLP%2FgwueXQBl%2Fpz31U%3D&reserved=0;https://eur02.safelinks.protection.outlook.com/?url=https%3A%2F%2Fted.europa.eu%2Fudl%3Furi%3DTED%3ANOTICE%3A269382-2022%3ATEXT%3AIT%3AHTML&data=05%7C01%7Clucia.berardi%40mef.gov.it%7Caae730d7f1e1469403ee08da55cd4ba2%7Ca7cc9c7eb24743fdac8a83d8fe99ac09%7C0%7C0%7C637916637458489889%7CUnknown%7CTWFpbGZsb3d8eyJWIjoiMC4wLjAwMDAiLCJQIjoiV2luMzIiLCJBTiI6Ik1haWwiLCJXVCI6Mn0%3D%7C3000%7C%7C%7C&sdata=PUFJet9J%2Flqsh%2B%2F82rz7V4ZPeFqH7EZyD%2Fbpr8qxvIo%3D&reserved=0;https://eur02.safelinks.protection.outlook.com/?url=https%3A%2F%2Fted.europa.eu%2Fudl%3Furi%3DTED%3ANOTICE%3A279282-2022%3ATEXT%3AIT%3AHTML&data=05%7C01%7Clucia.berardi%40mef.gov.it%7Caae730d7f1e1469403ee08da55cd4ba2%7Ca7cc9c7eb24743fdac8a83d8fe99ac09%7C0%7C0%7C637916637458489889%7CUnknown%7CTWFpbGZsb3d8eyJWIjoiMC4wLjAwMDAiLCJQIjoiV2luMzIiLCJBTiI6Ik1haWwiLCJXVCI6Mn0%3D%7C3000%7C%7C%7C&sdata=x8NpvpGGCVCouG3vYnarTXyz9jJN1M7sEmcueDBw6L0%3D&reserved=0;https://eur02.safelinks.protection.outlook.com/?url=https%3A%2F%2Fted.europa.eu%2Fudl%3Furi%3DTED%3ANOTICE%3A313137-2022%3ATEXT%3AIT%3AHTML&data=05%7C01%7Clucia.berardi%40mef.gov.it%7Caae730d7f1e1469403ee08da55cd4ba2%7Ca7cc9c7eb24743fdac8a83d8fe99ac09%7C0%7C0%7C637916637458489889%7CUnknown%7CTWFpbGZsb3d8eyJWIjoiMC4wLjAwMDAiLCJQIjoiV2luMzIiLCJBTiI6Ik1haWwiLCJXVCI6Mn0%3D%7C3000%7C%7C%7C&sdata=Xla1Riuo%2FoQ0aQFmuBR%2B%2BNGDFm1fOzctKwmDxTdw7H0%3D&reserved=0;https://eur02.safelinks.protection.outlook.com/?url=https%3A%2F%2Fted.europa.eu%2Fudl%3Furi%3DTED%3ANOTICE%3A599633-2021%3ATEXT%3AIT%3AHTML&data=05%7C01%7Clucia.berardi%40mef.gov.it%7Caae730d7f1e1469403ee08da55cd4ba2%7Ca7cc9c7eb24743fdac8a83d8fe99ac09%7C0%7C0%7C637916637458489889%7CUnknown%7CTWFpbGZsb3d8eyJWIjoiMC4wLjAwMDAiLCJQIjoiV2luMzIiLCJBTiI6Ik1haWwiLCJXVCI6Mn0%3D%7C3000%7C%7C%7C&sdata=mGv39%2Bb2MlZlEDxT2SDaERl0AkpNRpPVDVcLY59UPMQ%3D&reserved=0;https://eur02.safelinks.protection.outlook.com/?url=https%3A%2F%2Fted.europa.eu%2Fudl%3Furi%3DTED%3ANOTICE%3A084027-2022%3ATEXT%3AIT%3AHTML&data=05%7C01%7Clucia.berardi%40mef.gov.it%7Caae730d7f1e1469403ee08da55cd4ba2%7Ca7cc9c7eb24743fdac8a83d8fe99ac09%7C0%7C0%7C637916637458489889%7CUnknown%7CTWFpbGZsb3d8eyJWIjoiMC4wLjAwMDAiLCJQIjoiV2luMzIiLCJBTiI6Ik1haWwiLCJXVCI6Mn0%3D%7C3000%7C%7C%7C&sdata=1Lx4POS6GdQUuQ2vPD0vJp2sfdGaCJPp%2BAQNA%2BCYcow%3D&reserved=0;https://eur02.safelinks.protection.outlook.com/?url=https%3A%2F%2Fted.europa.eu%2Fudl%3Furi%3DTED%3ANOTICE%3A232666-2022%3ATEXT%3AIT%3AHTML&data=05%7C01%7Clucia.berardi%40mef.gov.it%7Caae730d7f1e1469403ee08da55cd4ba2%7Ca7cc9c7eb24743fdac8a83d8fe99ac09%7C0%7C0%7C637916637458489889%7CUnknown%7CTWFpbGZsb3d8eyJWIjoiMC4wLjAwMDAiLCJQIjoiV2luMzIiLCJBTiI6Ik1haWwiLCJXVCI6Mn0%3D%7C3000%7C%7C%7C&sdata=NRzulDdjlYpNE%2F%2BhcCqK55knb6%2FXEQ3pBHqJN91idWg%3D&reserved=0;https://www.infratelitalia.it/archivio-documenti/documenti/avviso-di-aggiudicazione-italia-1-giga-lotto-15;https://www.infratelitalia.it/archivio-documenti/documenti/avviso-di-aggiudicazione-5g-copertura;N/A;N/A;N/A;N/A;N/A;N/A;N/A;N/A;N/A;N/A;N/A;N/A;N/A
M1;Digitalizzazione, innovazione, competitività e cultura;M1C2;Digitalizzazione, innovazione e competitività nel sistema produttivo;M1C2I5.1;M1C2I5.01;Politiche industriali di filiera e internazionalizzazione  ;MISE - Min Svil Eco;M1C2-28;Milestone;"Entrata in vigore di un decreto comprendente la politica di investimento dei Contratti di Sviluppo";Conseguita;"È entrato in vigore il decreto del Ministero dello sviluppo economico recante «Competitivita' e resilienza delle filiere produttive». È stato poi adottato il decreto direttoriale del 25 marzo 2022 finalizzato all’apertura dello sportello agevolativo dedicato alle domande di Contratto di sviluppo e l'atto aggiuntivo alla ""Convenzione del 29 novembre 2012 per la regolamentazione dei trasferimenti delle risorse finanziarie tra il Ministero dello Sviluppo Economico e l’Agenzia nazionale per l’attrazione degli investimenti e lo sviluppo d’impresa S.p.A. – Invitalia"".";https://www.gazzettaufficiale.it/atto/serie_generale/caricaDettaglioAtto/originario?atto.dataPubblicazioneGazzetta=2022-02-12&atto.codiceRedazionale=22A01001&elenco30giorni=false;https://www.mise.gov.it/index.php/it/normativa/decreti-direttoriali/2043280-decreto-direttoriale-25-marzo-2022-contratti-di-sviluppo-pnrr-batterie-e-rinnovabili;https://www.mise.gov.it/images/stories/documenti/Atto_aggiuntivo_del_300322_-_Convenzione_tra_MISE_e_Invitalia.pdf;N/A;N/A;N/A;N/A;N/A;N/A;N/A;N/A;N/A;N/A;N/A;N/A;N/A;N/A;N/A;N/A;N/A;N/A;N/A;N/A;N/A;N/A
M1;Digitalizzazione, innovazione, competitività e cultura;M1C3;Turismo e Cultura 4.0;M1C3I1.3;M1C3I1.03;Migliorare l'efficienza energetica nei cinema, nei teatri e nei musei;MIC - Min Cultura;M1C3-11;Milestone;Entrata in vigore del decreto del Ministero della Cultura per l'assegnazione delle risorse per migliorare l'efficienza energetica nei luoghi della cultura;Conseguita;È entrato in vigore il decreto ministeriale (DSG) n. 452 del 7 giugno 2022, con il quale sono state assegnate le risorse per migliorare l’efficienza energetica dei luoghi della cultura. ;https://cultura.gov.it/comunicato/assegnazione-delle-risorse-a-valere-sul-pnrr-migliorare-lefficienza-energetica-di-cinema-teatri-e-musei-finanziato-dallunione-europea-nextgenerationeu;https://media.beniculturali.it/mibac/files/boards/be78e33bc8ca0c99bff70aa174035096/Bottoni/Recovery/PDF/Inv1.3/Allegato B2 - Decreto_1 3 OBIETTIVO 3 CINEMA.pdf;https://media.beniculturali.it/mibac/files/boards/be78e33bc8ca0c99bff70aa174035096/Bottoni/Recovery/PDF/Inv1.3/Allegato B1 - Decreto_1 3 OBIETTIVO 2 TEATRI.pdf;https://media.beniculturali.it/mibac/files/boards/be78e33bc8ca0c99bff70aa174035096/Bottoni/Recovery/PDF/Inv1.3/Allegato A - Decreto_1 3 OBIETTIVO 1 MUSEI.pdf;N/A;N/A;N/A;N/A;N/A;N/A;N/A;N/A;N/A;N/A;N/A;N/A;N/A;N/A;N/A;N/A;N/A;N/A;N/A;N/A;N/A
M1;Digitalizzazione, innovazione, competitività e cultura;M1C3;Turismo e Cultura 4.0;M1C3I2.1;M1C3I2.01;Attrattività dei borghi;MIC - Min Cultura;M1C3-12;Milestone;Entrata in vigore del decreto del Ministero della Cultura per l'assegnazione delle risorse destinate all'attrattività dei borghi;Conseguita;È stato adottato il decreto ministeriale (DSG) n. 453 del 07 giugno 2022 che assegna risorse ai comuni per investimenti per rigenerazione culturale, sociale ed economica dei borghi a rischio spopolamento (Linea A) e conferma il finanziamento dei borghi individuati dalle Regioni (Linea B).;https://cultura.gov.it/comunicato/assegnazione-delle-risorse-a-valere-sul-pnrr-rigenerazione-di-piccoli-siti-culturali-patrimonio-culturale-religioso-e-rurale-e-attrattivita-dei-borghi-finanziato-dallunione-europea-nextgenerationeu;https://media.beniculturali.it/mibac/files/boards/be78e33bc8ca0c99bff70aa174035096/Bottoni/Recovery/PDF/inv2.1/04_DM_LineaA_AllegatoA.pdf;https://media.beniculturali.it/mibac/files/boards/be78e33bc8ca0c99bff70aa174035096/Bottoni/Recovery/PDF/inv2.1/DM_Borghi_Linea B_AllegatoB.pdf;N/A;N/A;N/A;N/A;N/A;N/A;N/A;N/A;N/A;N/A;N/A;N/A;N/A;N/A;N/A;N/A;N/A;N/A;N/A;N/A;N/A;N/A
M1;Digitalizzazione, innovazione, competitività e cultura;M1C3;Turismo e Cultura 4.0;M1C3I2.2;M1C3I2.02;Tutela e valorizzazione dell'architettura e del paesaggio rurale;MIC - Min Cultura;M1C3-13;Milestone;"Entrata in vigore del decreto del Ministero della Cultura per l'assegnazione delle risorseper la tutela e valorizzazione dell'architettura e del paesaggio rurale";Conseguita;È entrato in vigore il decreto ministeriale del Ministero della Cultura del 18 marzo 2022 n. 107 con assegnazione alle Regioni e alle Province autonome di risorse per interventi di recupero di insediamenti tipici dell’architettura e del paesaggio rurale, a seguito del quale le Regioni hanno proceduto con la selezione degli interventi di restauro e di valorizzazione dell’architettura e del paesaggio rurale.;http://pnrr.cultura.gov.it/wp-content/uploads/2022/05/DM-Assegnazione-Risorse-Architettura-e-Paesaggio-107-18.03.22.pdf;https://www.beniculturali.it/paesaggirurali;N/A;N/A;N/A;N/A;N/A;N/A;N/A;N/A;N/A;N/A;N/A;N/A;N/A;N/A;N/A;N/A;N/A;N/A;N/A;N/A;N/A;N/A;N/A
M1;Digitalizzazione, innovazione, competitività e cultura;M1C3;Turismo e Cultura 4.0;M1C3I2.3;M1C3I2.03;Programmi per valorizzare l'identità dei luoghi: parchi e giardini storici;MIC - Min Cultura;M1C3-14;Milestone;Entrata in vigore del decreto del Ministero della Cultura per l'assegnazione delle risorse per progetti per valorizzare l'identità dei luoghi: parchi e giardini storici;Conseguita;È stato adottato il decreto ministeriale (DSG) del 21 giugno 2022, n. 505 di assegnazione delle risorse, con l’individuazione dei parchi e giardini storici selezionati mediante l’Avviso pubblico del 30 dicembre 2021 (Allegati B1 e B2 del decreto) e individuati dal Ministero della Cultura (Allegato C del decreto).;https://cultura.gov.it/comunicato/assegnazione-delle-risorse-a-valere-sul-pnrr-rigenerazione-di-piccoli-siti-culturali-patrimonio-religioso-e-rurale-programmi-per-valorizzare-lidentita-dei-luoghi-parchi-e-giardini-storici-del-pnrr-finanziato-dallue-nextgenerationeu;https://media.beniculturali.it/mibac/files/boards/be78e33bc8ca0c99bff70aa174035096/Bottoni/Recovery/PDF/inv2.3/M1C3-14_Decreto505_21.06.22_AllegatoB1_CentroNord.pdf;https://media.beniculturali.it/mibac/files/boards/be78e33bc8ca0c99bff70aa174035096/Bottoni/Recovery/PDF/inv2.3/M1C3-14_Decreto505_21.06.22_AllegatoB2_Sud.pdf;https://media.beniculturali.it/mibac/files/boards/be78e33bc8ca0c99bff70aa174035096/Bottoni/Recovery/PDF/inv2.3/M1C3-14_Decreto505_21.06.22_AllegatoC_5ParchiMiC.pdf;N/A;N/A;N/A;N/A;N/A;N/A;N/A;N/A;N/A;N/A;N/A;N/A;N/A;N/A;N/A;N/A;N/A;N/A;N/A;N/A;N/A
M1;Digitalizzazione, innovazione, competitività e cultura;M1C3;Turismo e Cultura 4.0;M1C3I2.4;M1C3I2.04;Sicurezza sismica nei luoghi di culto, restauro del patrimonio culturale del Fondo Edifici di Culto (FEC) e siti di ricovero per le opere d’arte (Recovery Art);MIC - Min Cultura;M1C3-15;Milestone;Entrata in vigore del decreto del Ministero della Cultura per l'assegnazione delle risorse per la sicurezza sismica nei luoghi di culto e il restauro del patrimonio culturale Fondo Edifici di Culto (FEC);Conseguita;È stato adottato il decreto ministeriale (DSG) n. 455 del 07 giugno 2022 che assegna le risorse per gli interventi di adeguamento, messa in sicurezza sismica e restauro dei luoghi di culto, torri, campanili e chiese del patrimonio del Fondo Edifici di Culto (FEC).;https://cultura.gov.it/comunicato/assegnazione-delle-risorse-a-valere-sul-pnrr-assegnazione-delle-risorse-per-la-sicurezza-sismica-nei-luoghi-di-culto-e-il-restauro-del-patrimonio-fondo-edifici-di-culto-fec-rigenerazione-di-piccoli-siti-culturali-patrimonio-religioso-e-rurale;https://media.beniculturali.it/mibac/files/boards/be78e33bc8ca0c99bff70aa174035096/Bottoni/Recovery/PDF/inv2.4/Decreto n. 455 07.06.2022_Allegato 2 - Elenco interventi FEC.pdf;https://media.beniculturali.it/mibac/files/boards/be78e33bc8ca0c99bff70aa174035096/Bottoni/Recovery/PDF/inv2.4/Decreto n. 455 07.06.2022_Allegato 1 - Elenco interventi DG Sicurezza.pdf;N/A;N/A;N/A;N/A;N/A;N/A;N/A;N/A;N/A;N/A;N/A;N/A;N/A;N/A;N/A;N/A;N/A;N/A;N/A;N/A;N/A;N/A
M1;Digitalizzazione, innovazione, competitività e cultura;M1C3;Turismo e Cultura 4.0;M1C3I4.3;M1C3I4.03;Caput Mundi. Next Generation EU per grandi eventi turistici;MiTur - Min Turismo;M1C3-35;Milestone;"Firma dell'accordo per ciascuno dei sei progetti tra Ministero delTurismo e beneficiari/enti attuatori";Conseguita;È entrato in vigore l’art. 40 del Decreto-legge del 30 aprile 2022, n. 36 che pone in capo al Ministero della possibilità di avvalersi del Commissario Straordinario del Governo per il Giubileo della Chiesa Cattolica 2025 per la realizzazione degli interventi della misura. Sono stati firmati gli accordi con i soggetti attuatori tra il Commissario Straordinario per il Giubileo della Chiesa Cattolica ed è stata individuata la lista degli interventi. ;https://www.gazzettaufficiale.it/eli/id/2022/06/29/22A03859/sg;https://www.gazzettaufficiale.it/eli/id/2022/06/29/22G00091/SG;http://www.gazzettaufficiale.it/eli/id/2021/12/31/21G00256/sg;https://www.gazzettaufficiale.it/eli/id/2022/03/11/22A01555/sg;https://www.ministeroturismo.gov.it/wp-content/uploads/2022/06/Programma-_Caput-Mundi.pdf;https://www.ministeroturismo.gov.it/wp-content/uploads/2022/06/decreto-approvazione-Lista-MINISTRO.pdf;https://www.ministeroturismo.gov.it/wp-content/uploads/2022/06/prot.-n.-20-24-giugno-2022-Ordinanza-n.-2-approvazione-Lista.pdf;https://www.ministeroturismo.gov.it/wp-content/uploads/2022/06/ROMA-CAPITALE-ACCORDO.pdf;https://www.ministeroturismo.gov.it/wp-content/uploads/2022/06/ROMA-CAPITALE-LISTA.pdf;https://www.ministeroturismo.gov.it/wp-content/uploads/2022/06/SSABAP-ROMA-ACCORDO.pdf;https://www.ministeroturismo.gov.it/wp-content/uploads/2022/06/SSABAP-ROMA-LISTA.pdf;https://www.ministeroturismo.gov.it/wp-content/uploads/2022/06/SABAP-RM-METR-RI-ACCORDO.pdf;https://www.ministeroturismo.gov.it/wp-content/uploads/2022/06/SABAP-RM-METR-RI-LISTA.pdf;https://www.ministeroturismo.gov.it/wp-content/uploads/2022/06/SABAP-VT-ETRURIA-ACCORDO.pdf;https://www.ministeroturismo.gov.it/wp-content/uploads/2022/06/SABAP-VT-ETRURIA-LISTA.pdf;https://www.ministeroturismo.gov.it/wp-content/uploads/2022/06/SABAP-FR-LT-ACCORDO.pdf;https://www.ministeroturismo.gov.it/wp-content/uploads/2022/06/PARCO-APPIA-ANTICA-ACCORDO.pdf;https://www.ministeroturismo.gov.it/wp-content/uploads/2022/06/PARCO-APPIA-ANTICA-LISTA.pdf;https://www.ministeroturismo.gov.it/wp-content/uploads/2022/06/MINISTERO-TURISMO-ACCORDO.pdf;https://www.ministeroturismo.gov.it/wp-content/uploads/2022/06/MINISTERO-TURISMO-LISTA.pdf;https://www.ministeroturismo.gov.it/wp-content/uploads/2022/06/REGIONE-LAZIO-ACCORDO.pdf;https://www.ministeroturismo.gov.it/wp-content/uploads/2022/06/REGIONE-LAZIO-LISTA.pdf;https://www.ministeroturismo.gov.it/wp-content/uploads/2022/06/DIOCESI-ROMA-ACCORDO.pdf;https://www.ministeroturismo.gov.it/wp-content/uploads/2022/06/DIOCESI-ROMA-LISTA.pdf;https://www.ministeroturismo.gov.it/wp-content/uploads/2022/06/linee-guida-digitali-e-promozione.docx
M2;Rivoluzione verde e transizione ecologica;M2C1;Agricoltura sostenibile ed Economia Circolare;M2C1R1.1;M2C1R1.01;Strategia nazionale per l’economia circolare;MITE - Min Trans Eco;M2C1-1;Milestone;Entrata in vigore del decreto ministeriale per l'adozione della strategia nazionale per l'economia circolare;Conseguita;È stata adottata la Strategia nazionale per l’economia circolare.;https://www.mite.gov.it/pagina/riforma-1-1-strategia-nazionale-l-economia-circolare;https://www.mite.gov.it/sites/default/files/archivio/allegati/PNRR/SEC_21.06.22.pdf;N/A;N/A;N/A;N/A;N/A;N/A;N/A;N/A;N/A;N/A;N/A;N/A;N/A;N/A;N/A;N/A;N/A;N/A;N/A;N/A;N/A;N/A;N/A
M2;Rivoluzione verde e transizione ecologica;M2C1;Agricoltura sostenibile ed Economia Circolare;M2C1R1.3;M2C1R1.03;Supporto tecnico alle autorità locali;MITE - Min Trans Eco;M2C1-2;Milestone;Approvazione dell'accordo per lo sviluppo del piano d'azione per la creazione di capacità a sostegno degli enti locali;Conseguita;"È stata adottata la Convenzione per la realizzazione del servizio di supporto tecnico-specialistico per l’attuazione del Progetto ""ARCA – Azioni di supporto per il Raggiungimento delle ""Condizioni Abilitanti"" ambientali"" a sostegno degli enti locali. È stato firmato l’atto di concessione del finanziamento tra l’Agenzia per la Coesione Territoriale e il Dipartimento Sviluppo Sostenibile del Ministero della Transizione Ecologica.";https://italiadomani.gov.it/content/dam/sogei-ng/documenti/Convenzione tra MiTE e Sogesid S.p.A. per la realizzazione del servizio di supporto tecnico-specialistico per l%E2%80%99attuazione del Progetto ARCA.pdf;https://www.mite.gov.it/sites/default/files/archivio/allegati/PNRR/revisione_progetto_arca_diss_22062022_signed_compressed.pdf;N/A;N/A;N/A;N/A;N/A;N/A;N/A;N/A;N/A;N/A;N/A;N/A;N/A;N/A;N/A;N/A;N/A;N/A;N/A;N/A;N/A;N/A;N/A
M2;Rivoluzione verde e transizione ecologica;M2C1;Agricoltura sostenibile ed Economia Circolare;M2C1I3.3;M2C1I3.03;Cultura e consapevolezza su temi e sfide ambientali;MITE - Min Trans Eco;M2C1-11;Milestone;Avvio della piattaforma web e accordi con gli autori;Conseguita;La piattaforma è online e sono stato firmati i contratti per la produzione dei contenuti per promuovere la cultura e la consapevolezza dei temi e delle sfide ambientali.;https://culturaeconsapevolezza.mite.gov.it/;https://www.gazzettaufficiale.it/eli/id/2022/04/08/TX22BFM7073/s5;https://www.spclotto4.it/contratto-quadro.html;N/A;N/A;N/A;N/A;N/A;N/A;N/A;N/A;N/A;N/A;N/A;N/A;N/A;N/A;N/A;N/A;N/A;N/A;N/A;N/A;N/A;N/A
M2;Rivoluzione verde e transizione ecologica;M2C1;Agricoltura sostenibile ed Economia Circolare;M2C1R1.2;M2C1R1.02;Programma nazionale per la gestione dei rifiuti;MITE - Min Trans Eco;M2C1-13;Milestone;Entrata in vigore del decreto ministeriale per il programma nazionale di gestione dei rifiuti;Conseguita;È entrato in vigore il decreto ministeriale di approvazione del Programma nazionale per la gestione dei rifiuti. ;https://www.mite.gov.it/sites/default/files/archivio/allegati/PNRR/dm_257_24-06-2022_adozione_PNGR.pdf;https://www.mite.gov.it/sites/default/files/archivio/allegati/PNRR/PNGR_Finale.pdf;N/A;N/A;N/A;N/A;N/A;N/A;N/A;N/A;N/A;N/A;N/A;N/A;N/A;N/A;N/A;N/A;N/A;N/A;N/A;N/A;N/A;N/A;N/A
M2;Rivoluzione verde e transizione ecologica;M2C2;Energia rinnovabile, idrogeno, rete e mobilità sostenibile;M2C2I3.5;M2C2I3.05;Ricerca e sviluppo sull'idrogeno;MITE - Min Trans Eco;M2C2-18;Milestone;Aggiudicazione di tutti i contratti di ricerca e sviluppo a progetti di ricerca sull'idrogeno;Conseguita;È stato adottato il decreto del Ministro della transizione ecologica n. 545 del 23 dicembre 2021, che individua un Piano di Ricerca e Sviluppo sull’idrogeno per dare attuazione alla misura. A seguire, è stato stipulato un Accordo di Programma MITE-ENEA per lo svolgimento di attività di ricerca sull'idrogeno e sono stati pubblicati Avvisi per la selezione di progetti di ricerca nel settore dell’idrogeno (Avviso A, rivolto ad università e centri di ricerca pubblici, e Avviso B, rivolto alle imprese).;https://www.mite.gov.it/bandi/decreto-ministeriale-relativo-all-attivita-di-ricerca-da-svolgere-nell-ambito-del-pnrr;https://www.mite.gov.it/comunicati/pnrr-firmato-accordo-di-programma-mite-enea-ricerca-sull-idrogeno;https://www.mite.gov.it/bandi/avvisi-pubblici-la-selezione-di-progetti-di-ricerca-nel-settore-dell-idrogeno-pnrr-m2-c2;N/A;N/A;N/A;N/A;N/A;N/A;N/A;N/A;N/A;N/A;N/A;N/A;N/A;N/A;N/A;N/A;N/A;N/A;N/A;N/A;N/A;N/A
M2;Rivoluzione verde e transizione ecologica;M2C2;Energia rinnovabile, idrogeno, rete e mobilità sostenibile;M2C2R3.2;M2C2R3.02;Misure volte a promuovere la competitività dell'idrogeno;MITE - Min Trans Eco;M2C2-21;Milestone;Entrata in vigore degli incentivi fiscali;Conseguita;È entrato in vigore l’art. 23 del Decreto-legge 30 aprile 2022, n. 36, che reca disposizioni in materia di produzione e consumo di idrogeno da fonti rinnovabili.;https://www.gazzettaufficiale.it/eli/id/2022/06/29/22A03859/sg;https://www.gazzettaufficiale.it/eli/id/2022/06/29/22G00091/SG;N/A;N/A;N/A;N/A;N/A;N/A;N/A;N/A;N/A;N/A;N/A;N/A;N/A;N/A;N/A;N/A;N/A;N/A;N/A;N/A;N/A;N/A;N/A
M2;Rivoluzione verde e transizione ecologica;M2C2;Energia rinnovabile, idrogeno, rete e mobilità sostenibile;M2C2I5.1;M2C2I5.01;Rinnovabili e batterie;MISE - Min Svil Eco;M2C2-38;Milestone;Entrata in vigore di un decreto ministeriale;Conseguita;È entrato in vigore il del decreto del Ministro dello Sviluppo Economico 27 gennaio 2022, con il quale sono state ripartite le risorse disponibili e il decreto direttoriale del 25 marzo 2022 per la fissazione delle date di apertura e chiusura degli sportelli agevolativi. È entrato in vigore il Decreto che attiva il fondo IPCEI.;https://www.mise.gov.it/index.php/it/home/89-normativa/decreti-ministeriali/2043265-decreto-ministeriale-27-gennaio-2022-contratti-di-sviluppo-attuazione-dell-investimento-5-1-rinnovabili-e-batterie-del-pnrr;https://www.mise.gov.it/index.php/it/normativa/decreti-direttoriali/2043280-decreto-direttoriale-25-marzo-2022-contratti-di-sviluppo-pnrr-batterie-e-rinnovabili;https://www.mise.gov.it/index.php/it/normativa/decreti-ministeriali/2043595-decreto-ministeriale-27-giugno-2022-definizione-delle-modalita-di-accesso-agli-interventi-agevolativi-connessi-ai-programmi-ipcei-finanziati-con-risorse-pnrr;N/A;N/A;N/A;N/A;N/A;N/A;N/A;N/A;N/A;N/A;N/A;N/A;N/A;N/A;N/A;N/A;N/A;N/A;N/A;N/A;N/A;N/A
M2;Rivoluzione verde e transizione ecologica;M2C2;Energia rinnovabile, idrogeno, rete e mobilità sostenibile;M2C2I5.4;M2C2I5.04;Supporto a start-up e venture capital attivi nella transizione ecologica;MISE - Min Svil Eco;M2C2-42;Milestone;Firma dell'accordo finanziario;Conseguita;È entrato in vigore il decreto del Ministro dello Sviluppo Economico del 3 marzo 2022 destina le risorse assegnate alla misura al finanziamento del Green Transition Fund. È stato firmato l’Accordo Finanziario tra Ministero dello sviluppo economico e Cassa depositi e prestiti Venture Capital S.g.r.;https://www.mise.gov.it/index.php/it/incentivi/impresa/credito-d-imposta-r-s/89-normativa/decreti-ministeriali/2043367-decreto-ministeriale-3-marzo-2022-attuazione-dell-investimento-5-4-supporto-a-start-up-e-venture-capital-attivi-nella-transizione-ecologica-del-pnrr?msclkid=d568901fcf7311ecb59f1d50047024e3;https://www.mise.gov.it/images/stories/documenti/accordo_gtf_2022.pdf;N/A;N/A;N/A;N/A;N/A;N/A;N/A;N/A;N/A;N/A;N/A;N/A;N/A;N/A;N/A;N/A;N/A;N/A;N/A;N/A;N/A;N/A;N/A
M2;Rivoluzione verde e transizione ecologica;M2C2;Energia rinnovabile, idrogeno, rete e mobilità sostenibile;M2C2I5.2;M2C2I5.02;Idrogeno;MITE - Min Trans Eco;M2C2-52;Milestone;Produzione di elettrolizzatori;Conseguita;È stato emanato il decreto interministeriale tra Ministero dello Sviluppo Economico e Ministero dell'economia e delle finanze del 21 aprile 2021, che predispone i criteri generali per l'intervento, il funzionamento e la concessione delle agevolazioni del Fondo IPCEI. Sono stati emanati: il decreto ministeriale del 27 aprile 2022, n. 168, che assegna le risorse a tre linee di investimento e il Decreto che attiva il fondo IPCEI.;http://www.gazzettaufficiale.it/eli/id/2022/06/17/22A03585/sg;https://www.mise.gov.it/index.php/it/normativa/decreti-interministeriali/2042475-decreto-interministeriale-21-aprile-2021-fondo-ipcei-criteri-generali-per-l-intervento-e-il-funzionamento-del-fondo;https://www.mise.gov.it/index.php/it/normativa/decreti-ministeriali/2043595-decreto-ministeriale-27-giugno-2022-definizione-delle-modalita-di-accesso-agli-interventi-agevolativi-connessi-ai-programmi-ipcei-finanziati-con-risorse-pnrr;N/A;N/A;N/A;N/A;N/A;N/A;N/A;N/A;N/A;N/A;N/A;N/A;N/A;N/A;N/A;N/A;N/A;N/A;N/A;N/A;N/A;N/A
M2;Rivoluzione verde e transizione ecologica;M2C3;Efficienza energetica e riqualificazione degli edifici;M2C3R1.1;M2C3R1.01;Semplificazione e accelerazione delle procedure per la realizzazione di interventi per l’efficientamento energetico;MITE - Min Trans Eco;M2C3-4;Milestone;Semplificazione e accelerazione delle procedure per gli interventi di efficientamento energetico;Conseguita;È stato lanciato il Portale nazionale per l’efficienza energetica degli edifici. È stato riformato il Fondo Nazionale per l'efficienza energetica con l'art.1 co. 514 legge 30 dicembre 2021 n. 234. È stata riformata la disciplina del PREPAC con l'art. 19 del Decreto-legge 1 marzo 2022 n.17. È stato approvato dal MiTE. il piano di informazione e formazione.;http://pnpe2.enea.it/;http://www.gazzettaufficiale.it/eli/id/2021/12/31/21G00256/sg;http://www.gazzettaufficiale.it/eli/id/2022/04/28/22A02680/sg;http://www.gazzettaufficiale.it/eli/id/2022/04/28/22G00048/sg;http://serverfad.casaccia.enea.it/questionari/prepag/consultazione_PIF/;N/A;N/A;N/A;N/A;N/A;N/A;N/A;N/A;N/A;N/A;N/A;N/A;N/A;N/A;N/A;N/A;N/A;N/A;N/A;N/A
M2;Rivoluzione verde e transizione ecologica;M2C4;Tutela del territorio e della risorsa idrica;M2C4R2.1;M2C4R2.01;Semplificazione e accelerazione delle procedure per l'attuazione degli interventi contro il dissesto idrogeologico;MITE - Min Trans Eco;M2C4-1;Milestone;Entrata in vigore della semplificazione del quadro giuridico per una migliore gestione dei rischi idrologici;Conseguita;"Sono entrate in vigore varie disposizioni di semplificazione del quadro giuridico per la gestione dei rischi idrologici: - art. 54 del D.L. 76/2020 convertito con modificazioni dalla L. 11 settembre 2020, n. 120; - art. 4 del D.L. 22/2021 convertito con modificazioni dalla L. 22 aprile 2021, n. 55; - Articoli 36 (co. 1), 36-bis , 36-ter (commi 1-19 e 21)del D.L. 77/2021 (c.d. semplificazioni 2) convertito con modificazioni dalla L. 29 luglio 2021, n. 108; - art. 17-octies (commi 1-5) del D.L. 80/2021 convertito con modificazioni dalla L. 6 agosto 2021, n. 113; - D.P.C.M. 27 settembre 2021 “Aggiornamento dei criteri, delle modalità e dell’entità delle risorse destinate al finanziamento degli interventi in materia di mitigazione del rischio idrogeologico” pubblicato in G.U. n. 272 del 15-11-2021; - Decreto del Ministro della Transizione Ecologica del 29 settembre 2021; - Piano Operativo per l’attuazione del Sistema di Monitoraggio Integrato; - Articoli 16 (commi 2, 3 e 4), 20 (co. 1) e 22 (commi 1, 3, 4) del D.L. 152/2021 convertito con modificazioni dalla L. 29 dicembre 2021, n. 233; - Commi 415 e 416 della Legge 30 dicembre 2021, n. 234 (Legge di bilancio 2022); - Art. 23, co. 5 del D.L. n. 36 del 30 aprile 2022; - Decreto direttoriale n. 146 del 30 maggio 2022 che approva il “piano di rafforzamento della capacità amministrativa dei soggetti istituzionali responsabili dell’attuazione degli interventi di mitigazione dei rischi idrogeologici.";https://www.gazzettaufficiale.it/eli/id/2020/09/29/20A04997/sg;http://www.gazzettaufficiale.it/eli/id/2020/09/14/20G00139/sg;https://www.gazzettaufficiale.it/eli/id/2021/04/29/21A02552/sg;https://www.gazzettaufficiale.it/eli/id/2021/04/29/21G00065/sg;https://www.gazzettaufficiale.it/eli/id/2021/07/30/21A04731/sg;http://www.gazzettaufficiale.it/eli/id/2021/07/30/21G00118/sg;https://www.gazzettaufficiale.it/eli/id/2021/08/07/21A04886/sg;http://www.gazzettaufficiale.it/eli/id/2021/08/07/21G00124/sg;http://www.gazzettaufficiale.it/eli/id/2021/11/15/21A06670/sg;http://www.gazzettaufficiale.it/eli/id/2021/10/20/21A06127/s;https://www.gazzettaufficiale.it/eli/id/2021/12/31/21A07784/sg;http://www.gazzettaufficiale.it/eli/id/2021/12/31/21G00257/sg;http://www.gazzettaufficiale.it/eli/id/2021/12/31/21G00256/sg;https://www.gazzettaufficiale.it/eli/id/2022/06/29/22A03859/sg;https://www.gazzettaufficiale.it/eli/id/2022/06/29/22G00091/SG;https://italiadomani.gov.it/content/dam/sogei-ng/documenti/Decreto Direttoriale n. 146 del 30 maggio 2022.pdf;N/A;N/A;N/A;N/A;N/A;N/A;N/A;N/A;N/A
M2;Rivoluzione verde e transizione ecologica;M2C4;Tutela del territorio e della risorsa idrica;M2C4R4.2;M2C4R4.02;Misure per garantire la piena capacità gestionale per i servizi idrici integrati;MITE - Min Trans Eco;M2C4-4;Milestone;"Entrata in vigore del nuovo quadro giuridico relativo agli scopi irrigui";Conseguita;È entrato in vigore l'art. 23, co. 4, del Decreto-legge 36/2022, che incentiva la digitalizzazione per il miglioramento del controllo da remoto e l’individuazione dell’estrazione illegale di acqua. Inoltre, con l'art. 16 del Decreto-legge 152/2021 è stato introdotto il nuovo quadro giuridico di regolamentazione del sistema irriguo.;https://www.gazzettaufficiale.it/eli/id/2022/06/29/22A03859/sg;https://www.gazzettaufficiale.it/eli/id/2022/06/29/22G00091/SG;https://www.gazzettaufficiale.it/eli/id/2021/12/31/21A07784/sg;http://www.gazzettaufficiale.it/eli/id/2021/12/31/21G00257/sg;N/A;N/A;N/A;N/A;N/A;N/A;N/A;N/A;N/A;N/A;N/A;N/A;N/A;N/A;N/A;N/A;N/A;N/A;N/A;N/A;N/A
M2;Rivoluzione verde e transizione ecologica;M2C4;Tutela del territorio e della risorsa idrica;M2C4I3.2;M2C4I3.02;Digitalizzazione dei parchi nazionali;MITE - Min Trans Eco;M2C4-5;Milestone;Entrata in vigore della semplificazione amministrativa e sviluppo dei servizi digitali per i visitatori dei parchi nazionali e delle aree marine protette;Conseguita;È stato adottato il decreto del Ministero della Transizione Ecologica n. 37024 del 22 marzo 2022 che approva la “Direttiva agli Enti parco nazionali e alle Aree marine” con indicazioni circa i servizi digitali ai visitatori, la digitalizzazione e la semplificazione amministrativa delle procedure per i servizi erogati dalle aree protette.;https://www.mite.gov.it/sites/default/files/archivio/normativa/dm_22_03_2022_digitalizzazione.pdf;N/A;N/A;N/A;N/A;N/A;N/A;N/A;N/A;N/A;N/A;N/A;N/A;N/A;N/A;N/A;N/A;N/A;N/A;N/A;N/A;N/A;N/A;N/A;N/A
M2;Rivoluzione verde e transizione ecologica;M2C4;Tutela del territorio e della risorsa idrica;M2C4R4.1;M2C4R4.01;Semplificazione normativa e rafforzamento della governance per la realizzazione di investimenti nelle infrastrutture di approvvigionamento idrico;MIMS - Min Infr Mob;M2C4-27;Milestone;"Entrata in vigore della semplificazione normativa per gli interventi nelle infrastrutture idriche primarie per la sicurezza dell'approvvigionamento idrico";Conseguita;È entrato in vigore del Decreto-legge del 10 settembre 2021 n. 121, modificato dalla legge di conversione del 9 novembre 2021, n. 156, che interviene sulla formazione e attuazione del Piano nazionale di interventi nel settore idrico.;https://www.gazzettaufficiale.it/eli/id/2021/11/09/21A06656/sg;https://www.gazzettaufficiale.it/eli/id/2021/11/09/21G00170/sg;https://www.gazzettaufficiale.it/eli/id/2017/12/29/17G00222/sg;N/A;N/A;N/A;N/A;N/A;N/A;N/A;N/A;N/A;N/A;N/A;N/A;N/A;N/A;N/A;N/A;N/A;N/A;N/A;N/A;N/A;N/A
M4;Istruzione e ricerca;M4C1;Potenziamento dell’offerta dei servizi di istruzione: dagli asili nido alle università;M4C1R2.1;M4C1R2.01;Reclutamento dei docenti;MI - Min Istruzione;M4C1-3;Milestone;"Entrata in vigore della riforma della carriera degli insegnanti.";Conseguita;È entrato in vigore il decreto-Legge 30 aprile 2022, n. 36 “Ulteriori misure urgenti per l'attuazione del Piano nazionale di ripresa e resilienza (PNRR)”, il cui Capo VIII (artt. 44, 45, 46, 47) è dedicato alla riforma del reclutamento e della carriera degli insegnanti. ;https://www.gazzettaufficiale.it/eli/id/2022/06/29/22A03859/sg;https://www.gazzettaufficiale.it/eli/id/2022/06/29/22G00091/SG;https://www.gazzettaufficiale.it/eli/id/2021/08/05/21A04838/sg;N/A;N/A;N/A;N/A;N/A;N/A;N/A;N/A;N/A;N/A;N/A;N/A;N/A;N/A;N/A;N/A;N/A;N/A;N/A;N/A;N/A;N/A
M4;Istruzione e ricerca;M4C1;Potenziamento dell’offerta dei servizi di istruzione: dagli asili nido alle università;M4C1I3.2;M4C1I3.02;Scuola 4.0 - scuole innovative, nuove aule didattiche e laboratori;MI - Min Istruzione;M4C1-4;Milestone;"Adozione del piano Scuola 4.0 al fine di favorire la transizione digitale del sistema scolastico italiano.";Conseguita;È stato adottato il Decreto ministeriale n.161 del 14 giugno 2022, per l’adozione del Piano Scuola 4.0 comprensivo di un cronoprogramma di attuazione, con il dettaglio rispetto alla tempistica di emanazione dei bandi pubblici, di realizzazione degli interventi e di tutte le ulteriori specifiche tecniche.;https://www.miur.gov.it/web/guest/-/decreto-ministeriale-n-161-del-14-giugno-2022;N/A;N/A;N/A;N/A;N/A;N/A;N/A;N/A;N/A;N/A;N/A;N/A;N/A;N/A;N/A;N/A;N/A;N/A;N/A;N/A;N/A;N/A;N/A;N/A
M4;Istruzione e ricerca;M4C2;Dalla ricerca all'impresa;M4C2R1.1;M4C2R1.01;Attuazione di misure di sostegno alla R&S per promuovere la semplificazione e la mobilità;MUR - Min Uni e Ric;M4C2-4;Milestone;Entrata in vigore dei decreti ministeriali sulla semplificazione e la mobilità nella R&S collegati al fondo di finanziamento ordinario.;Conseguita;"Sono stati adottati: - il decreto ministeriale MUR n.1233 del 10 novembre 2021 di istituzione della cabina di regia MUR – MiSE; - il decreto ministeriale MUR n. 1314 del 14 dicembre 2021, e successiva integrazione D.M. n. 1368 del 24 dicembre 2021 sulla semplificazione della gestione dei fondi per la ricerca; - il decreto ministeriale del MUR n. 330 del 30 marzo 2022 sulla mobilità dei ricercatori. Sono state, inoltre, approvate modifiche alla Legge 240/2010 dall'art. 14 del Decreto-legge 30 aprile 2022, n. 36.";https://www.mur.gov.it/it/atti-e-normativa/decreto-ministeriale-n-1233-del-10-11-2021;https://www.mur.gov.it/it/atti-e-normativa/decreto-ministeriale-n-1314-del-14-12-2021;[https://www.gazzettaufficiale.it/eli/id/2022/05/11/22A02873/SG]:~:text=1314%20in%20data%2014%20dicembre,legge%207%20agosto%202012%2C%20n.;https://www.mur.gov.it/sites/default/files/2022-06/Decreto ministeriale n. 330 del 30-03-2022.pdf;https://www.gazzettaufficiale.it/eli/id/2022/06/29/22A03859/sg;https://www.gazzettaufficiale.it/eli/id/2022/06/29/22G00091/SG;N/A;N/A;N/A;N/A;N/A;N/A;N/A;N/A;N/A;N/A;N/A;N/A;N/A;N/A;N/A;N/A;N/A;N/A;N/A
M4;Istruzione e ricerca;M4C2;Dalla ricerca all'impresa;M4C2I2.1;M4C2I2.01;IPCEI;MISE - Min Svil Eco;M4C2-11;Milestone;"Entrata in vigore dell'atto nazionale che assegna i finanziamenti necessari a sostenere i progetti partecipanti.";Conseguita;È stato emanato il decreto interministeriale tra Ministero dello Sviluppo Economico e Ministero dell'economia e delle finanze del 21 aprile 2021, che predispone i criteri generali per l'intervento, il funzionamento e la concessione delle agevolazioni del Fondo IPCEI ed è stato adottato il decreto che attiva il Fondo IPCEI per il finanziamenti dei progetti legati al PNRR. ;https://www.mise.gov.it/index.php/it/normativa/decreti-interministeriali/2042475-decreto-interministeriale-21-aprile-2021-fondo-ipcei-criteri-generali-per-l-intervento-e-il-funzionamento-del-fondo;https://www.mise.gov.it/index.php/it/normativa/decreti-ministeriali/2043595-decreto-ministeriale-27-giugno-2022-definizione-delle-modalita-di-accesso-agli-interventi-agevolativi-connessi-ai-programmi-ipcei-finanziati-con-risorse-pnrr;N/A;N/A;N/A;N/A;N/A;N/A;N/A;N/A;N/A;N/A;N/A;N/A;N/A;N/A;N/A;N/A;N/A;N/A;N/A;N/A;N/A;N/A;N/A
M4;Istruzione e ricerca;M4C2;Dalla ricerca all'impresa;M4C2I3.1;M4C2I3.01;Fondo per la realizzazione di un sistema integrato di infrastrutture di ricerca e innovazione;MUR - Min Uni e Ric;M4C2-17;Milestone;Aggiudicazione degli appalti per i progetti riguardanti: a) sistema integrato di infrastrutture di ricerca e innovazione;Conseguita;Sono stati pubblicati due bandi per il sistema integrato di infrastrutture di ricerca e innovazione (Bando n. 3264 del 28/12/2021 e Bando n. 3265 del 28/12/2021) ed è stato emanato il decreto ministeriale per la costituzione del Comitato nazionale per la valutazione della ricerca. I progetti sono stati ammessi al finanziamento.;[https://www.mur.gov.it/it/atti-e-normativa/avviso-n-3264-del-28-12-2021]:~:text=Avviso%20n.%203264%20del%2028-12-2021%20Avviso%20pubblico%20per,Infrastrutture%20di%20Ricerca%E2%80%9D%20da%20finanziare%20nell%E2%80%99ambito%20del%20PNRR;https://www.mur.gov.it/it/atti-e-normativa/avviso-n-3265-del-28-12-2021;https://www.mur.gov.it/it/atti-e-normativa/decreto-ministeriale-n-1004-del-30-07-2021;https://www.mur.gov.it/it/atti-e-normativa/decreti-di-ammissione-al-finanziamento-avviso-3264-del-28-dicembre-2021;https://www.mur.gov.it/it/atti-e-normativa/decreti-di-ammissione-al-finanziamento-avviso-3265-del-28-dicembre-2021;N/A;N/A;N/A;N/A;N/A;N/A;N/A;N/A;N/A;N/A;N/A;N/A;N/A;N/A;N/A;N/A;N/A;N/A;N/A;N/A
M4;Istruzione e ricerca;M4C2;Dalla ricerca all'impresa;M4C2I1.5;M4C2I1.05;"Creazione e rafforzamento di ""ecosistemi dell'innovazione"", costruzione di ""leader territoriali di R&S""";MUR - Min Uni e Ric;M4C2-18;Milestone;"Aggiudicazione di appalti per progetti riguardanti gli ecosistemi dell'innovazione.";Conseguita;Sono stati pubblicati due Avvisi per la presentazione di proposte per gli ecosistemi dell'innovazione (decreto direttoriale 3277 del 30 dicembre 2021 e decreto direttoriale n. 703 del 20 aprile 2022). Sono stati approvati i decreti di concessione dei finanziamenti per la realizzazione dei Programmi di Ricerca selezionati.;https://www.mur.gov.it/it/atti-e-normativa/avviso-n-3277-del-30-12-2021;https://www.mur.gov.it/it/atti-e-normativa/decreto-direttoriale-n-703-del-20-4-2022;https://www.mur.gov.it/it/atti-e-normativa/decreti-di-ammissione-al-finanziamento-avviso-3277-del-30-dicembre-2021;https://www.mur.gov.it/it/atti-e-normativa/decreti-di-ammissione-al-finanziamento-avviso-3277-del-30-dicembre-2021;https://www.mur.gov.it/it/atti-e-normativa/decreti-di-ammissione-al-finanziamento-avviso-3277-del-30-dicembre-2021;https://www.mur.gov.it/it/atti-e-normativa/decreti-di-ammissione-al-finanziamento-avviso-3277-del-30-dicembre-2021;https://www.mur.gov.it/it/atti-e-normativa/decreti-di-ammissione-al-finanziamento-avviso-3277-del-30-dicembre-2021;https://www.mur.gov.it/it/atti-e-normativa/decreti-di-ammissione-al-finanziamento-avviso-3277-del-30-dicembre-2021;https://www.mur.gov.it/it/atti-e-normativa/decreti-di-ammissione-al-finanziamento-avviso-3277-del-30-dicembre-2021;https://www.mur.gov.it/it/atti-e-normativa/decreti-di-ammissione-al-finanziamento-avviso-3277-del-30-dicembre-2021;https://www.mur.gov.it/it/atti-e-normativa/decreti-di-ammissione-al-finanziamento-avviso-3277-del-30-dicembre-2021;https://www.mur.gov.it/it/atti-e-normativa/decreti-di-ammissione-al-finanziamento-avviso-3277-del-30-dicembre-2021;https://www.mur.gov.it/it/atti-e-normativa/decreti-di-ammissione-al-finanziamento-avviso-3277-del-30-dicembre-2021;https://www.mur.gov.it/it/atti-e-normativa/decreti-di-ammissione-al-finanziamento-avviso-3277-del-30-dicembre-2021;N/A;N/A;N/A;N/A;N/A;N/A;N/A;N/A;N/A;N/A;N/A
M4;Istruzione e ricerca;M4C2;Dalla ricerca all'impresa;M4C2I1.4;M4C2I1.04;"Potenziamento strutture di ricerca e creazione di ""campioni nazionali di R&S"" su alcune Key Enabling Technologies";MUR - Min Uni e Ric;M4C2-19;Milestone;"Aggiudicazione di appalti per progetti riguardanti campioni nazionali di R&S sulle key enabling technologies";Conseguita;"È entrato in vigore il decreto direttoriale n. 3138 del 16 dicembre 2021 – “Avviso pubblico per presentazione Proposte di intervento per il Potenziamento di strutture di ricerca e creazione di ""campioni nazionali"" di R&S su alcune Key Enabling Technologies da finanziare nell’ambito del Piano Nazionale di Ripresa e Resilienza” ed è stata aperta la finestra di presentazione delle domande di finanziamento dal 17 gennaio 2022 al 15 febbraio 2022. È entrato in vigore il decreto direttoriale n. 255 del 25 febbraio 2022 con il quale è stata nominata la commissione di valutazione. È stata pubblicata la graduatoria (decreto direttoriale n. 548 del 31 marzo 2022) delle proposte ammesse alla Fase 2 per la quale è stata nominata una apposita Commissione di valutazione (decreto ministeriale n. 470 del 19 maggio 2022). Sono stati approvati i decreti di concessione dei finanziamenti per la realizzazione dei Programmi di Ricerca selezionati.";https://www.mur.gov.it/it/atti-e-normativa/decreto-direttoriale-n3138-del-16-12-2021;https://www.mur.gov.it/it/atti-e-normativa/decreti-di-ammissione-al-finanziamento-avviso-3138-del-16122021-rettificato-con;https://www.mur.gov.it/it/atti-e-normativa/decreto-direttoriale-n-548-del-31-3-2022;https://www.mur.gov.it/it/atti-e-normativa/decreti-di-ammissione-al-finanziamento-avviso-3138-del-16122021-rettificato-con;https://www.mur.gov.it/it/atti-e-normativa/decreti-di-ammissione-al-finanziamento-avviso-3138-del-16122021-rettificato-con;https://www.mur.gov.it/it/atti-e-normativa/decreti-di-ammissione-al-finanziamento-avviso-3138-del-16122021-rettificato-con;https://www.mur.gov.it/it/atti-e-normativa/decreti-di-ammissione-al-finanziamento-avviso-3138-del-16122021-rettificato-con;https://www.mur.gov.it/it/atti-e-normativa/decreti-di-ammissione-al-finanziamento-avviso-3138-del-16122021-rettificato-con;N/A;N/A;N/A;N/A;N/A;N/A;N/A;N/A;N/A;N/A;N/A;N/A;N/A;N/A;N/A;N/A;N/A
M4;Istruzione e ricerca;M4C2;Dalla ricerca all'impresa;M4C2I3.2;M4C2I3.02;Finanziamento di start-up;MISE - Min Svil Eco;M4C2-20;Milestone;"Firma dell'accordo fra il governo italiano e il partner esecutivo Cassa Depositi e Prestiti (CDP) che istituisce lo strumento finanziario.";Conseguita;È stato adottato in data 11 marzo 2022 il decreto ministeriale che destina risorse al Fondo Nazionale per l’Innovazione. È stato definito l’Accordo Finanziario tra Ministero dello Sviluppo Economico e CDP Venture Capital SGR.;https://www.mise.gov.it/index.php/en/home/89-normativa/decreti-ministeriali/2043368-decreto-ministeriale-11-marzo-2022-attuazione-dell-investimento-3-2-finanziamento-di-start-up-del-pnrr;https://www.mise.gov.it/images/stories/documenti/Accordo_DTF_2022.pdf;N/A;N/A;N/A;N/A;N/A;N/A;N/A;N/A;N/A;N/A;N/A;N/A;N/A;N/A;N/A;N/A;N/A;N/A;N/A;N/A;N/A;N/A;N/A
M5;Inclusione e coesione;M5C2;Infrastrutture sociali, famiglie, comunità e terzo settore;M5C2I1.3;M5C2I1.03;Housing First (innanzitutto la casa) e stazioni di posta;MLPS - Min Lav Pol S;M5C2-9;Milestone;"Entrata in vigore del piano operativo relativo ai progetti riguardanti l'assegnazione di un alloggio e le stazioni di posta che definisce i requisiti dei progetti che possono essere presentati dagli enti locali e pubblicazione dell'invito a presentare proposte";Conseguita;È entrato in vigore il decreto direttoriale n. 450 del 9 dicembre 2021 – Adozione del Piano Operativo per Housing first e stazioni di posta, modificato dal decreto direttoriale n. 1 del 28 gennaio 2022, e il decreto direttoriale n. 5 del 15 febbraio 2022 – Avviso pubblico.;https://www.lavoro.gov.it/documenti-e-norme/normative/Documents/2021/DD-450-del-09122021-PNRR-Adozione-piano-operativo-presentazione-proposte.pdf;https://www.lavoro.gov.it/documenti-e-norme/normative/Documents/2022/DD-1-del-28012022-Piano-operativo-PNRR-rettifica.pdf;https://www.lavoro.gov.it/temi-e-priorita/poverta-ed-esclusione-sociale/Documents/DD-5-del-15022022-Avviso-1-2022-PNRR.pdf;N/A;N/A;N/A;N/A;N/A;N/A;N/A;N/A;N/A;N/A;N/A;N/A;N/A;N/A;N/A;N/A;N/A;N/A;N/A;N/A;N/A;N/A
M5;Inclusione e coesione;M5C2;Infrastrutture sociali, famiglie, comunità e terzo settore;M5C2I2.1;M5C2I2.01;Investimenti in progetti di rigenerazione urbana, volti a ridurre situazioni di emarginazione e degrado sociale;MINT - Min Interno;M5C2-11;Milestone;"Aggiudicazione di tutti gli appalti pubblici relativi a investimenti nella rigenerazione urbana, al fine di ridurre le situazioni di emarginazione e degrado sociale con progetti in linea con il dispositivo di ripresa e resilienza (RRF) e il principio ""non arrecare un danno significativo"" (DNSH)";Conseguita;È stato emanato il decreto interministeriale del Ministero dell'interno, Ministero dell'economia e della finanze e Ministero delle infrastrutture e mobilità sostenibile del 30 dicembre 2021, che attribuisce le risorse ai comuni beneficiari.;https://dait.interno.gov.it/finanza-locale/documentazione/decreto-30-dicembre-2021;https://dait.interno.gov.it/finanza-locale/documentazione/decreto-4-aprile-2022;N/A;N/A;N/A;N/A;N/A;N/A;N/A;N/A;N/A;N/A;N/A;N/A;N/A;N/A;N/A;N/A;N/A;N/A;N/A;N/A;N/A;N/A;N/A
M5;Inclusione e coesione;M5C2;Infrastrutture sociali, famiglie, comunità e terzo settore;M5C2I2.2;M5C2I2.02;Piani urbani integrati;MLPS - Min Lav Pol S;M5C2-15;Milestone;"Entrata in vigore del decreto ministeriale che definisce la mappatura degli insediamenti abusivi approvata dal ""Tavolo di contrasto allo sfruttamento lavorativo in agricoltura"" e adozione del decreto ministeriale per l'assegnazione delle risorse.";Conseguita;È entrato in vigore il decreto del Ministero del Lavoro e delle Politiche sociali del 29 marzo 2022, che prevede l'assegnazione delle risorse sulla base alla mappatura degli insediamenti abusivi definita dal “Tavolo di contrasto allo sfruttamento lavorativo in agricoltura”. È entrato in vigore il decreto-legge del 23 ottobre 2018, n.119. Inoltre, è stato adottato il Piano triennale di contrasto al caporalato 2020-2022, per le soluzioni alloggiative temporanee e a lungo termine definiti con la normativa vigente.;https://www.gazzettaufficiale.it/eli/id/2022/04/30/22A02617/sg;http://www.gazzettaufficiale.it/eli/id/2018/10/23/18G00151/sg;http://www.gazzettaufficiale.it/eli/id/2018/12/18/18G00162/sg;https://www.lavoro.gov.it/priorita/Documents/Piano-Triennale-contrasto-a-sfruttamento-lavorativo-in-agricoltura-e-al-caporalato-2020-2022.pdf;N/A;N/A;N/A;N/A;N/A;N/A;N/A;N/A;N/A;N/A;N/A;N/A;N/A;N/A;N/A;N/A;N/A;N/A;N/A;N/A;N/A
M5;Inclusione e coesione;M5C2;Infrastrutture sociali, famiglie, comunità e terzo settore;M5C2I2.3;M5C2I2.03;Programma innovativo della qualità dell’abitare;MIMS - Min Infr Mob;M5C2-19;Milestone;"Firma delle convenzioni per la riqualificazione e l'incremento dell'edilizia sociale da parte delle regioni e delle province autonome (compresi comuni e/o città metropolitane situati in tali territori)";Conseguita;È entrato in vigore il decreto direttoriale n. 17524 del 29 dicembre 2021 con il quale è stato approvato l’elenco dei progetti “pilota” ammessi definitivamente a finanziamento e il decreto direttoriale n. 804 del 21 gennaio 2022 con il quale sono stati approvati gli elenchi delle proposte progettuali “ordinarie” definitivamente ammesse a finanziamento. Sono state stipulate le Convenzioni con i soggetti attuatori.;https://trasparenza.mit.gov.it/index.php?id_oggetto=38&id_doc=104526;https://trasparenza.mit.gov.it/index.php?id_oggetto=38&id_doc=104527;https://trasparenza.mit.gov.it/index.php?id_doc=0&id_cat=&id_oggetto=0&id_sezione=48&senso=cre&ordine=&id_cat=&inizio=20&limite=20&id_doc=&id_cat=&id_oggetto=&id_sezione=48&senso=cre&ordine=&limite=20&cerca_oggetto=38&campoavanzato=&tipo_interfaccia=ricerca%20completa&oggetto_mcrt_10=&struttura_mcrt_11=14076&responsabile_mcrt_12=&anno_sovvenzione_mcrt_18=2022&nominativo_mcrt_13=&visAvanzate=cerca&data_mcrt_19_condizione=maggiore&data_mcrt_19data=01/01/2022&data_mcrt_19=1640998800&data_mcrt_20_condizione=minore&data_mcrt_20data=31/12/2022&data_mcrt_20=1672448400&gtp=1&id_sez_ori=&id_criterio=&id_sond=&template_ori=&purecontent=&esattamente=&ordina_oggetto=&id_ente=182&gtp=1;N/A;N/A;N/A;N/A;N/A;N/A;N/A;N/A;N/A;N/A;N/A;N/A;N/A;N/A;N/A;N/A;N/A;N/A;N/A;N/A;N/A;N/A
M6;Salute;M6C1;Reti di prossimità, strutture e telemedicina per l’assistenza sanitaria territoriale;M6C1R1.1;M6C1R1.01;Definizione di un nuovo modello organizzativo della rete di assistenza sanitaria territoriale;MS - Min Salute;M6C1-1;Milestone;"Entrata in vigore del diritto derivato (decreto ministeriale) che prevede la riforma dell'organizzazione dell'assistenza sanitaria.";Conseguita;È entrato in vigore il decreto del Ministro della Salute, di concerto con il Ministro dell’Economia, recante il regolamento relativo a «Modelli e standard per lo sviluppo dell'assistenza territoriale nel Servizio sanitario nazionale».;http://www.gazzettaufficiale.it/eli/id/2022/06/22/22G00085/sg;N/A;N/A;N/A;N/A;N/A;N/A;N/A;N/A;N/A;N/A;N/A;N/A;N/A;N/A;N/A;N/A;N/A;N/A;N/A;N/A;N/A;N/A;N/A;N/A
M6;Salute;M6C1;Reti di prossimità, strutture e telemedicina per l’assistenza sanitaria territoriale;M6C1I1.1;M6C1I1.01;Case della Comunità e presa in carico della persona;MS - Min Salute;M6C1-2;Milestone;"Approvazione di un contratto istituzionale di sviluppo";Conseguita;È entrato in vigore il Decreto del Ministero della Salute del 5 aprile 2022 che approva il Contratto Istituzionale di Sviluppo e il relativo Piano operativo di cui è stata sancita l’Intesa in Conferenza Stato Regioni il 30 marzo 2022. Sono stati sottoscritti i Contratti istituzionali di sviluppo da parte del Ministro della Salute con tutte le Regioni e le Province Autonome italiane. ;https://www.pnrr.salute.gov.it/portale/pnrrsalute/dettaglioContenutiPNRRSalute.jsp?lingua=italiano&id=5801&area=PNRR-Salute&menu=investimenti;https://www.pnrr.salute.gov.it/portale/pnrrsalute/dettaglioContenutiPNRRSalute.jsp?lingua=italiano&id=5835&area=PNRR-Salute&menu=missionesalute&tab=2;N/A;N/A;N/A;N/A;N/A;N/A;N/A;N/A;N/A;N/A;N/A;N/A;N/A;N/A;N/A;N/A;N/A;N/A;N/A;N/A;N/A;N/A;N/A
M6;Salute;M6C1;Reti di prossimità, strutture e telemedicina per l’assistenza sanitaria territoriale;M6C1I1.2;M6C1I1.02;Casa come primo luogo di cura e telemedicina;MS - Min Salute;M6C1-4;Milestone;Approvazione delle linee guida contenenti il modello digitale per l'attuazione dell'assistenza domiciliare;Conseguita;È entrato in vigore il decreto del Ministro della Salute del 29 aprile 2022 recante l’Approvazione delle linee guida organizzative contenenti il “Modello digitale per l’attuazione dell’assistenza domiciliare”.;http://www.gazzettaufficiale.it/eli/id/2022/05/24/22A03098/sg;N/A;N/A;N/A;N/A;N/A;N/A;N/A;N/A;N/A;N/A;N/A;N/A;N/A;N/A;N/A;N/A;N/A;N/A;N/A;N/A;N/A;N/A;N/A;N/A
M6;Salute;M6C1;Reti di prossimità, strutture e telemedicina per l’assistenza sanitaria territoriale;M6C1I1.2;M6C1I1.02;Casa come primo luogo di cura e telemedicina;MS - Min Salute;M6C1-5;Milestone;"Contratto istituzionale di sviluppo approvato dal Ministero della Salute";Conseguita;È entrato in vigore il Decreto del Ministero della Salute del 5 aprile 2022 che approva il Contratto Istituzionale di Sviluppo e il relativo Piano operativo di cui è stata sancita l’Intesa in Conferenza Stato Regioni il 30 marzo 2022. Sono stati sottoscritti i Contratti istituzionali di sviluppo da parte del Ministro della Salute con tutte le Regioni e le Province Autonome italiane.;https://www.pnrr.salute.gov.it/portale/pnrrsalute/dettaglioContenutiPNRRSalute.jsp?lingua=italiano&id=5801&area=PNRR-Salute&menu=investimenti;https://www.pnrr.salute.gov.it/portale/pnrrsalute/dettaglioContenutiPNRRSalute.jsp?lingua=italiano&id=5835&area=PNRR-Salute&menu=missionesalute&tab=2;N/A;N/A;N/A;N/A;N/A;N/A;N/A;N/A;N/A;N/A;N/A;N/A;N/A;N/A;N/A;N/A;N/A;N/A;N/A;N/A;N/A;N/A;N/A
M6;Salute;M6C1;Reti di prossimità, strutture e telemedicina per l’assistenza sanitaria territoriale;M6C1I1.3;M6C1I1.03;Rafforzamento dell'assistenza sanitaria intermedia e delle sue strutture (Ospedali di Comunità);MS - Min Salute;M6C1-10;Milestone;Approvazione di un contratto istituzionale di sviluppo;Conseguita;È entrato in vigore il decreto del Ministero della Salute del 5 aprile 2022 che approva il Contratto Istituzionale di Sviluppo e il relativo Piano operativo di cui è stata sancita l’Intesa in Conferenza Stato Regioni il 30 marzo 2022. Sono stati sottoscritti i Contratti istituzionali di sviluppo da parte del Ministro della Salute con tutte le Regioni e le Province Autonome italiane.;https://www.pnrr.salute.gov.it/portale/pnrrsalute/dettaglioContenutiPNRRSalute.jsp?lingua=italiano&id=5801&area=PNRR-Salute&menu=investimenti;https://www.pnrr.salute.gov.it/portale/pnrrsalute/dettaglioContenutiPNRRSalute.jsp?lingua=italiano&id=5835&area=PNRR-Salute&menu=missionesalute&tab=2;N/A;N/A;N/A;N/A;N/A;N/A;N/A;N/A;N/A;N/A;N/A;N/A;N/A;N/A;N/A;N/A;N/A;N/A;N/A;N/A;N/A;N/A;N/A
M6;Salute;M6C2;Innovazione, ricerca e digitalizzazione del servizio sanitario;M6C2I1.1;M6C2I1.01;Ammodernamento del parco tecnologico e digitale ospedaliero;MS - Min Salute;M6C2-5;Milestone;"Approvazione del Contratto istituzionale di sviluppo";Conseguita;È entrato in vigore il Decreto del Ministero della Salute del 5 aprile 2022 che approva il Contratto Istituzionale di Sviluppo e il relativo Piano operativo di cui è stata sancita l’Intesa in Conferenza Stato Regioni il 30 marzo 2022. Sono stati sottoscritti i Contratti istituzionali di sviluppo da parte del Ministro della Salute con tutte le Regioni e le Province Autonome italiane. ;https://www.pnrr.salute.gov.it/portale/pnrrsalute/dettaglioContenutiPNRRSalute.jsp?lingua=italiano&id=5807&area=PNRR-Salute&menu=investimenti;https://www.pnrr.salute.gov.it/portale/pnrrsalute/dettaglioContenutiPNRRSalute.jsp?lingua=italiano&id=5835&area=PNRR-Salute&menu=missionesalute&tab=2;N/A;N/A;N/A;N/A;N/A;N/A;N/A;N/A;N/A;N/A;N/A;N/A;N/A;N/A;N/A;N/A;N/A;N/A;N/A;N/A;N/A;N/A;N/A
