Codice univoco programma;Codice univoco investimento| intervento;Amministrazione titolare;Programma;Investimento;Intervento;Obiettivi;Trimestre;anno;Codice univoco obiettivo
PNC-A.1;PNC-A.1;PCM;Servizi digitali e cittadinanza digitale;N/A;N/A;"Rafforzamento misura PNRR M1C1 - Investimento 1.4: ""Servizi digitali e esperienza dei cittadini""";N/A;N/A;PNC-A.1-N1
PNC-A.2;PNC-A.2;PCM;Servizi digitali e competenze digitali;N/A;N/A;"Rafforzamento misura PNRR M1C1 - Investimento 1.7: ""Competenze digitali di base""";N/A;N/A;PNC-A.2-N2
PNC-A.3;PNC-A.3;PCM;Tecnologie satellitari ed economia spaziale  ;N/A;N/A;"Rafforzamento misura PNRR M1C2- Investimento 4: ""Tecnologia satellitare ed economia spaziale""";N/A;N/A;PNC-A.3-N3
PNC-A.4;PNC-A.4;PCM;Ecosistemi per l’innovazione al Sud in contesti urbani marginalizzati;N/A;N/A;Pubblicazione della manifestazione di interesse (avviso).Decreto di nomina dei componenti della commissione di valutazione.;T3;2021;PNC-A.4-1
PNC-A.4;PNC-A.4;PCM;Ecosistemi per l’innovazione al Sud in contesti urbani marginalizzati;N/A;N/A;Invito alla presentazione dei progetti sulla base dell’esito della manifestazione di interesse;T4;2021;PNC-A.4-2
PNC-A.4;PNC-A.4;PCM;Ecosistemi per l’innovazione al Sud in contesti urbani marginalizzati;N/A;N/A;Provvedimento di ammissione a finanziamento dei progetti;T1;2022;PNC-A.4-3
PNC-A.4;PNC-A.4;PCM;Ecosistemi per l’innovazione al Sud in contesti urbani marginalizzati;N/A;N/A;Stipula della convenzione per la concessione delle sovvenzioni;T2;2022;PNC-A.4-4
PNC-A.4;PNC-A.4;PCM;Ecosistemi per l’innovazione al Sud in contesti urbani marginalizzati;N/A;N/A;Pubblicazione di tutti i bandi di gara e aggiudicazione per almeno 2 HUB;T3;2022;PNC-A.4-5
PNC-A.4;PNC-A.4;PCM;Ecosistemi per l’innovazione al Sud in contesti urbani marginalizzati;N/A;N/A;Avvio dei lavori in almeno 2 HUB – aggiudicazione per tutti gli HUB;T4;2022;PNC-A.4-6
PNC-A.4;PNC-A.4;PCM;Ecosistemi per l’innovazione al Sud in contesti urbani marginalizzati;N/A;N/A;Avvio dei lavori in tutti gli HUB;T2;2023;PNC-A.4-7
PNC-A.4;PNC-A.4;PCM;Ecosistemi per l’innovazione al Sud in contesti urbani marginalizzati;N/A;N/A;Fine lavori;T2;2026;PNC-A.4-8
PNC-B.1;PNC-B.1.1;PCM;Interventi per le aree del terremoto del 2009 e 2016;Città e paesi sicuri, sostenibili e connessi (A);N/A;"Adozione provvedimento con il quale si provvede:
-	All’individuazione delle specifiche finalità di investimento rientranti nelle macromisure A e B e al relativo riparto delle risorse per ciascuna finalità individuata;
-	All’indicazione del responsabile dell’attuazione per ciascuna sub-misura tra i due soggetti attuatori (ufficio del Commissario sisma 2016 e Struttura di missione sisma 2009); 
All’individuazione degli obiettivi di realizzazione per ciascuna sub-misura.";T3;2021;PNC-B.1.1-9
PNC-B.1;PNC-B.1.1;PCM;Interventi per le aree del terremoto del 2009 e 2016;Città e paesi sicuri, sostenibili e connessi (A);N/A;"individuazione degli interventi da parte della Cabina di coordinamento; individuazione delle stazioni appaltanti (centrali uniche di committenza nazionali, regionali o enti locali) da parte del soggetto attuatore; affidamento da parte della stazione appaltante della progettazione delle misure";T4;2021;PNC-B.1.1-10
PNC-B.1;PNC-B.1.1;PCM;Interventi per le aree del terremoto del 2009 e 2016;Città e paesi sicuri, sostenibili e connessi (A);N/A;"approvazione della progettazione posta a base di gara da parte del soggetto attuatore previa acquisizione delle relative autorizzazioni o concertazioni in sede di conferenza permanente (rispettivamente, del sisma 2016 o di quello 2009);";T2;2022;PNC-B.1.1-11
PNC-B.1;PNC-B.1.1;PCM;Interventi per le aree del terremoto del 2009 e 2016;Città e paesi sicuri, sostenibili e connessi (A);N/A;"pubblicazione, da parte da parte delle stazioni appaltanti, dei bandi di gara;";T3;2022;PNC-B.1.1-12
PNC-B.1;PNC-B.1.1;PCM;Interventi per le aree del terremoto del 2009 e 2016;Città e paesi sicuri, sostenibili e connessi (A);N/A;"aggiudicazione e avvio dei lavori;";T4;2022;PNC-B.1.1-13
PNC-B.1;PNC-B.1.1;PCM;Interventi per le aree del terremoto del 2009 e 2016;Città e paesi sicuri, sostenibili e connessi (A);N/A;25% dei SAL;T4;2023;PNC-B.1.1-14
PNC-B.1;PNC-B.1.1;PCM;Interventi per le aree del terremoto del 2009 e 2016;Città e paesi sicuri, sostenibili e connessi (A);N/A;Ulteriore 50% dei SAL;T4;2024;PNC-B.1.1-15
PNC-B.1;PNC-B.1.1;PCM;Interventi per le aree del terremoto del 2009 e 2016;Città e paesi sicuri, sostenibili e connessi (A);N/A;conclusione dei lavori-collaudo per tutti gli interventi individuati;T1;2026;PNC-B.1.1-16
PNC-B.1;PNC-B.1.2;PCM;Interventi per le aree del terremoto del 2009 e 2016;Rilancio economico e sociale (B);N/A;"Adozione provvedimento con il quale si provvede:
-	All’individuazione delle specifiche finalità di investimento rientranti nelle macromisure A e B e al relativo riparto delle risorse per ciascuna finalità individuata;
-	All’indicazione del responsabile dell’attuazione per ciascuna sub-misura tra i due soggetti attuatori (ufficio del Commissario sisma 2016 e Struttura di missione sisma 2009); 
All’individuazione degli obiettivi di realizzazione per ciascuna sub-misura.";T3;2021;PNC-B.1.2-17
PNC-B.1;PNC-B.1.2;PCM;Interventi per le aree del terremoto del 2009 e 2016;Rilancio economico e sociale (B);N/A;Individuazione delle iniziative da parte della Cabina di coordinamento;T4;2021;PNC-B.1.2-18
PNC-B.1;PNC-B.1.2;PCM;Interventi per le aree del terremoto del 2009 e 2016;Rilancio economico e sociale (B);N/A;pubblicazione degli avvisi pubblici/bandi da parte dei soggetti attuatori;T2;2022;PNC-B.1.2-19
PNC-B.1;PNC-B.1.2;PCM;Interventi per le aree del terremoto del 2009 e 2016;Rilancio economico e sociale (B);N/A;approvazione da parte dei soggetti attuatori  delle istanze presentate e concessione dei finanziamenti;T4;2022;PNC-B.1.2-20
PNC-B.1;PNC-B.1.2;PCM;Interventi per le aree del terremoto del 2009 e 2016;Rilancio economico e sociale (B);N/A;relazione da parte dei soggetti attuatori che attesti l’utilizzo di almeno il 25% del valore finanziario dei progetti/iniziative;T4;2023;PNC-B.1.2-21
PNC-B.1;PNC-B.1.2;PCM;Interventi per le aree del terremoto del 2009 e 2016;Rilancio economico e sociale (B);N/A;relazione da parte dei soggetti attuatori che attesti la realizzazione del 100% dei progetti/iniziative individuati;T4;2024;PNC-B.1.2-22
PNC-C.1;PNC-C.1;MIMS - Min Infr Mob;Rinnovo delle flotte di bus, treni e navi verdi - Bus;N/A;N/A;Adozione DM di assegnazione delle risorse;T3;2021;PNC-C.1-23
PNC-C.1;PNC-C.1;MIMS - Min Infr Mob;Rinnovo delle flotte di bus, treni e navi verdi - Bus;N/A;N/A;Erogazione anticipazione ai soggetti beneficiari;T1;2022;PNC-C.1-24
PNC-C.1;PNC-C.1;MIMS - Min Infr Mob;Rinnovo delle flotte di bus, treni e navi verdi - Bus;N/A;N/A;Sottoscrizione dei contratti;T3;2022;PNC-C.1-25
PNC-C.1;PNC-C.1;MIMS - Min Infr Mob;Rinnovo delle flotte di bus, treni e navi verdi - Bus;N/A;N/A;50% di autobus acquistati;T4;2024;PNC-C.1-26
PNC-C.1;PNC-C.1;MIMS - Min Infr Mob;Rinnovo delle flotte di bus, treni e navi verdi - Bus;N/A;N/A;100% di autobus acquistati;T4;2026;PNC-C.1-27
PNC-C.2;PNC-C.2.1.1;MIMS - Min Infr Mob;Rinnovo delle flotte di bus, treni e navi verdi - Navi;1. Rinnovo della flotta navale mediterranea con unità navali a combustibile pulito;Upgrading nuove navi;DM definizione tipologia e parametri tecnici degli interventi, entità, modalità e condizioni di erogazione del contributo riconoscibile per ciascuna tipologia di intervento.;T3;2021;PNC-C.2.1.1-28
PNC-C.2;PNC-C.2.1.1;MIMS - Min Infr Mob;Rinnovo delle flotte di bus, treni e navi verdi - Navi;1. Rinnovo della flotta navale mediterranea con unità navali a combustibile pulito;Upgrading nuove navi;Decreto ministeriale per individuazione criteri di ammissibilità al finanziamento;T1;2022;PNC-C.2.1.1-29
PNC-C.2;PNC-C.2.1.1;MIMS - Min Infr Mob;Rinnovo delle flotte di bus, treni e navi verdi - Navi;1. Rinnovo della flotta navale mediterranea con unità navali a combustibile pulito;Upgrading nuove navi;Individuazione beneficiari e accordi procedimentali con beneficiari.;T3;2022;PNC-C.2.1.1-30
PNC-C.2;PNC-C.2.1.1;MIMS - Min Infr Mob;Rinnovo delle flotte di bus, treni e navi verdi - Navi;1. Rinnovo della flotta navale mediterranea con unità navali a combustibile pulito;Upgrading nuove navi;Sottoscrizione contratti;T2;2023;PNC-C.2.1.1-31
PNC-C.2;PNC-C.2.1.1;MIMS - Min Infr Mob;Rinnovo delle flotte di bus, treni e navi verdi - Navi;1. Rinnovo della flotta navale mediterranea con unità navali a combustibile pulito;Upgrading nuove navi;Consegna del 50% delle  unità;T1;2025;PNC-C.2.1.1-32
PNC-C.2;PNC-C.2.1.1;MIMS - Min Infr Mob;Rinnovo delle flotte di bus, treni e navi verdi - Navi;1. Rinnovo della flotta navale mediterranea con unità navali a combustibile pulito;Upgrading nuove navi;Consegna del restante 50% delle unità;T2;2026;PNC-C.2.1.1-33
PNC-C.2;PNC-C.2.1.2;MIMS - Min Infr Mob;Rinnovo delle flotte di bus, treni e navi verdi - Navi;1. Rinnovo della flotta navale mediterranea con unità navali a combustibile pulito;Retrofit Navi;DM definizione tipologia e parametri tecnici degli interventi, entità, modalità e condizioni di erogazione del contributo riconoscibile per ciascuna tipologia di intervento. Notifica UE;T3;2021;PNC-C.2.1.2-34
PNC-C.2;PNC-C.2.1.2;MIMS - Min Infr Mob;Rinnovo delle flotte di bus, treni e navi verdi - Navi;1. Rinnovo della flotta navale mediterranea con unità navali a combustibile pulito;Retrofit Navi;Decreto ministeriale per individuazione criteri di ammissibilità al finanziamento;T1;2022;PNC-C.2.1.2-35
PNC-C.2;PNC-C.2.1.2;MIMS - Min Infr Mob;Rinnovo delle flotte di bus, treni e navi verdi - Navi;1. Rinnovo della flotta navale mediterranea con unità navali a combustibile pulito;Retrofit Navi;Individuazione beneficiari e accordi procedimentali con beneficiari.;T3;2022;PNC-C.2.1.2-36
PNC-C.2;PNC-C.2.1.2;MIMS - Min Infr Mob;Rinnovo delle flotte di bus, treni e navi verdi - Navi;1. Rinnovo della flotta navale mediterranea con unità navali a combustibile pulito;Retrofit Navi;Sottoscrizione contratto;T2;2023;PNC-C.2.1.2-37
PNC-C.2;PNC-C.2.1.2;MIMS - Min Infr Mob;Rinnovo delle flotte di bus, treni e navi verdi - Navi;1. Rinnovo della flotta navale mediterranea con unità navali a combustibile pulito;Retrofit Navi;Consegna unità;T4;2024;PNC-C.2.1.2-38
PNC-C.2;PNC-C.2.2.1;MIMS - Min Infr Mob;Rinnovo delle flotte di bus, treni e navi verdi - Navi;2. Rinnovo della flotta navale e nello Stretto di Messina per ridurre le emissioni;Acquisto navi;Pubblicazione del bando di gara per acquisto delle 3 nuove unità navali veloci;T4;2021;PNC-C.2.2.1-39
PNC-C.2;PNC-C.2.2.1;MIMS - Min Infr Mob;Rinnovo delle flotte di bus, treni e navi verdi - Navi;2. Rinnovo della flotta navale e nello Stretto di Messina per ridurre le emissioni;Acquisto navi;Pubblicazione del bando di gara per acquisto delle 3 nuove unità navali veloci;T1;2022;PNC-C.2.2.1-40
PNC-C.2;PNC-C.2.2.1;MIMS - Min Infr Mob;Rinnovo delle flotte di bus, treni e navi verdi - Navi;2. Rinnovo della flotta navale e nello Stretto di Messina per ridurre le emissioni;Acquisto navi;Aggiudicazione gara per acquisto delle 3 nuove unità navali veloci;T2;2022;PNC-C.2.2.1-41
PNC-C.2;PNC-C.2.2.1;MIMS - Min Infr Mob;Rinnovo delle flotte di bus, treni e navi verdi - Navi;2. Rinnovo della flotta navale e nello Stretto di Messina per ridurre le emissioni;Acquisto navi;Avvio dei lavori progettazione;T3;2022;PNC-C.2.2.1-42
PNC-C.2;PNC-C.2.2.1;MIMS - Min Infr Mob;Rinnovo delle flotte di bus, treni e navi verdi - Navi;2. Rinnovo della flotta navale e nello Stretto di Messina per ridurre le emissioni;Acquisto navi;Consegna progettazione per le 3 nuove unità navali veloci;T2;2023;PNC-C.2.2.1-43
PNC-C.2;PNC-C.2.2.1;MIMS - Min Infr Mob;Rinnovo delle flotte di bus, treni e navi verdi - Navi;2. Rinnovo della flotta navale e nello Stretto di Messina per ridurre le emissioni;Acquisto navi;Avvio lavori realizzazione prima Unità Navale Veloce;T3;2023;PNC-C.2.2.1-44
PNC-C.2;PNC-C.2.2.1;MIMS - Min Infr Mob;Rinnovo delle flotte di bus, treni e navi verdi - Navi;2. Rinnovo della flotta navale e nello Stretto di Messina per ridurre le emissioni;Acquisto navi;Conclusione lavori di realizzazione  della prima unità veloce;T3;2024;PNC-C.2.2.1-45
PNC-C.2;PNC-C.2.2.1;MIMS - Min Infr Mob;Rinnovo delle flotte di bus, treni e navi verdi - Navi;2. Rinnovo della flotta navale e nello Stretto di Messina per ridurre le emissioni;Acquisto navi;Conclusione lavori di realizzazione della seconda unità veloce;T4;2024;PNC-C.2.2.1-46
PNC-C.2;PNC-C.2.2.1;MIMS - Min Infr Mob;Rinnovo delle flotte di bus, treni e navi verdi - Navi;2. Rinnovo della flotta navale e nello Stretto di Messina per ridurre le emissioni;Acquisto navi;Conclusione lavori di realizzazione della terza unità veloce;T1;2025;PNC-C.2.2.1-47
PNC-C.2;PNC-C.2.2.2;MIMS - Min Infr Mob;Rinnovo delle flotte di bus, treni e navi verdi - Navi;2. Rinnovo della flotta navale e nello Stretto di Messina per ridurre le emissioni;Ibridizzazione navi;Avvio Predisposizione Ibridizzazione prima nave Iginia  traghettamento treni;T3;2021;PNC-C.2.2.2-48
PNC-C.2;PNC-C.2.2.2;MIMS - Min Infr Mob;Rinnovo delle flotte di bus, treni e navi verdi - Navi;2. Rinnovo della flotta navale e nello Stretto di Messina per ridurre le emissioni;Ibridizzazione navi;Pubblicazione del bando di gara per fornitura di nave dual fuel ibrida elettrica;T3;2021;PNC-C.2.2.2-49
PNC-C.2;PNC-C.2.2.2;MIMS - Min Infr Mob;Rinnovo delle flotte di bus, treni e navi verdi - Navi;2. Rinnovo della flotta navale e nello Stretto di Messina per ridurre le emissioni;Ibridizzazione navi;Completamento Ibridizzazione Nave Iginia prima nave traghettamento treni;T2;2022;PNC-C.2.2.2-50
PNC-C.2;PNC-C.2.2.2;MIMS - Min Infr Mob;Rinnovo delle flotte di bus, treni e navi verdi - Navi;2. Rinnovo della flotta navale e nello Stretto di Messina per ridurre le emissioni;Ibridizzazione navi;Ibridizzazione nave traghetto Messina  in esercizio;T4;2024;PNC-C.2.2.2-51
PNC-C.2;PNC-C.2.2.2;MIMS - Min Infr Mob;Rinnovo delle flotte di bus, treni e navi verdi - Navi;2. Rinnovo della flotta navale e nello Stretto di Messina per ridurre le emissioni;Ibridizzazione navi;Conclusione lavori di realizzazione nave dual fuel ibrida elettrica;T4;2025;PNC-C.2.2.2-52
PNC-C.2;PNC-C.2.3.1;MIMS - Min Infr Mob;Rinnovo delle flotte di bus, treni e navi verdi - Navi;3. Aumentare la disponibilità di combustibili marini alternativi in Italia;Microliquefattori;DM definizione tipologia e parametri tecnici degli interventi, entità, modalità e condizioni di erogazione del contributo riconoscibile per ciascuna tipologia di intervento.;T3;2021;PNC-C.2.3.1-53
PNC-C.2;PNC-C.2.3.1;MIMS - Min Infr Mob;Rinnovo delle flotte di bus, treni e navi verdi - Navi;3. Aumentare la disponibilità di combustibili marini alternativi in Italia;Microliquefattori;Decreto ministeriale per individuazione criteri di ammissibilità al finanziamento;T1;2022;PNC-C.2.3.1-54
PNC-C.2;PNC-C.2.3.1;MIMS - Min Infr Mob;Rinnovo delle flotte di bus, treni e navi verdi - Navi;3. Aumentare la disponibilità di combustibili marini alternativi in Italia;Microliquefattori;"Individuazione beneficiari e accordi procedimentali con beneficiari. 
";T3;2022;PNC-C.2.3.1-55
PNC-C.2;PNC-C.2.3.1;MIMS - Min Infr Mob;Rinnovo delle flotte di bus, treni e navi verdi - Navi;3. Aumentare la disponibilità di combustibili marini alternativi in Italia;Microliquefattori;Avvio dei lavori;T1;2023;PNC-C.2.3.1-56
PNC-C.2;PNC-C.2.3.1;MIMS - Min Infr Mob;Rinnovo delle flotte di bus, treni e navi verdi - Navi;3. Aumentare la disponibilità di combustibili marini alternativi in Italia;Microliquefattori;Messa in esercizio microliquefattori;T1;2026;PNC-C.2.3.1-57
PNC-C.2;PNC-C.2.3.2;MIMS - Min Infr Mob;Rinnovo delle flotte di bus, treni e navi verdi - Navi;3. Aumentare la disponibilità di combustibili marini alternativi in Italia;Navi bunkerine;DM definizione tipologia e parametri tecnici degli interventi, entità, modalità e condizioni di erogazione del contributo riconoscibile per ciascuna tipologia di intervento. NOTIFICA UE e revisione;T3;2021;PNC-C.2.3.2-58
PNC-C.2;PNC-C.2.3.2;MIMS - Min Infr Mob;Rinnovo delle flotte di bus, treni e navi verdi - Navi;3. Aumentare la disponibilità di combustibili marini alternativi in Italia;Navi bunkerine;Decreto ministeriale per individuazione criteri di ammissibilità al finanziamento;T1;2022;PNC-C.2.3.2-59
PNC-C.2;PNC-C.2.3.2;MIMS - Min Infr Mob;Rinnovo delle flotte di bus, treni e navi verdi - Navi;3. Aumentare la disponibilità di combustibili marini alternativi in Italia;Navi bunkerine;Individuazione beneficiari e accordi procedimentali con beneficiari.;T3;2022;PNC-C.2.3.2-60
PNC-C.2;PNC-C.2.3.2;MIMS - Min Infr Mob;Rinnovo delle flotte di bus, treni e navi verdi - Navi;3. Aumentare la disponibilità di combustibili marini alternativi in Italia;Navi bunkerine;Avvio dei lavori;T1;2023;PNC-C.2.3.2-61
PNC-C.2;PNC-C.2.3.2;MIMS - Min Infr Mob;Rinnovo delle flotte di bus, treni e navi verdi - Navi;3. Aumentare la disponibilità di combustibili marini alternativi in Italia;Navi bunkerine;Consegna navi;T1;2025;PNC-C.2.3.2-62
PNC-C.3;PNC-C.3;MIMS - Min Infr Mob;Rafforzamento delle linee ferroviarie regionali;N/A;N/A;DM che individua gli interventi ammessi a finanziamento e formalizza l’assegnazione delle risorse necessarie per la realizzazione degli interventi del Piano.;T3;2021;PNC-C.3-63
PNC-C.3;PNC-C.3;MIMS - Min Infr Mob;Rafforzamento delle linee ferroviarie regionali;N/A;N/A;D.D. di trasferimento delle risorse a titolo di anticipazione alle regioni. Pubblicazione dei bandi di gara per il 38% dei lavori.;T1;2022;PNC-C.3-64
PNC-C.3;PNC-C.3;MIMS - Min Infr Mob;Rafforzamento delle linee ferroviarie regionali;N/A;N/A;Stipula contratti per il 38% dei lavori. Avvio del 38% dei lavori. Pubblicazione bando del 100% dei lavori;T4;2022;PNC-C.3-65
PNC-C.3;PNC-C.3;MIMS - Min Infr Mob;Rafforzamento delle linee ferroviarie regionali;N/A;N/A;Stipula contratti per il 100% dei lavori. Avvio del 100% dei lavori;T2;2023;PNC-C.3-66
PNC-C.3;PNC-C.3;MIMS - Min Infr Mob;Rafforzamento delle linee ferroviarie regionali;N/A;N/A;Completamento del 50% degli interventi.;T2;2025;PNC-C.3-67
PNC-C.3;PNC-C.3;MIMS - Min Infr Mob;Rafforzamento delle linee ferroviarie regionali;N/A;N/A;Completamento del 100% degli interventi;T4;2026;PNC-C.3-68
PNC-C.4;PNC-C.4.1.1;MIMS - Min Infr Mob;Rinnovo del materiale rotabile e infrastrutture per il trasporto ferroviario delle merci;"1. Locomotori, carri e
Raccordi ferroviari";Locomotori e carri;Provvedimento di definizione di modalità e condizioni di erogazione del contributo riconoscibile per ciascuna tipologia di mezzo, a seguito di gara;T3;2021;PNC-C.4.1.1-69
PNC-C.4;PNC-C.4.1.1;MIMS - Min Infr Mob;Rinnovo del materiale rotabile e infrastrutture per il trasporto ferroviario delle merci;"1. Locomotori, carri e
Raccordi ferroviari";Locomotori e carri;Notifica CE per autorizzazione (locomotori e carri);T4;2021;PNC-C.4.1.1-70
PNC-C.4;PNC-C.4.1.1;MIMS - Min Infr Mob;Rinnovo del materiale rotabile e infrastrutture per il trasporto ferroviario delle merci;"1. Locomotori, carri e
Raccordi ferroviari";Locomotori e carri;Avvio  della procedura di concessione dei contributi;T1;2022;PNC-C.4.1.1-71
PNC-C.4;PNC-C.4.1.1;MIMS - Min Infr Mob;Rinnovo del materiale rotabile e infrastrutture per il trasporto ferroviario delle merci;"1. Locomotori, carri e
Raccordi ferroviari";Locomotori e carri;Individuazione beneficiari locomotori e carri;T2;2022;PNC-C.4.1.1-72
PNC-C.4;PNC-C.4.1.1;MIMS - Min Infr Mob;Rinnovo del materiale rotabile e infrastrutture per il trasporto ferroviario delle merci;"1. Locomotori, carri e
Raccordi ferroviari";Locomotori e carri;DM Assegnazione delle risorse per l’acquisto dei mezzi  ai beneficiari;T3;2022;PNC-C.4.1.1-73
PNC-C.4;PNC-C.4.1.1;MIMS - Min Infr Mob;Rinnovo del materiale rotabile e infrastrutture per il trasporto ferroviario delle merci;"1. Locomotori, carri e
Raccordi ferroviari";Locomotori e carri;Avvio procedure di acquisto mezzi da parte dei beneficiari;T4;2022;PNC-C.4.1.1-74
PNC-C.4;PNC-C.4.1.1;MIMS - Min Infr Mob;Rinnovo del materiale rotabile e infrastrutture per il trasporto ferroviario delle merci;"1. Locomotori, carri e
Raccordi ferroviari";Locomotori e carri;Consegna 50% carri dal costruttore al beneficiario;T4;2023;PNC-C.4.1.1-75
PNC-C.4;PNC-C.4.1.1;MIMS - Min Infr Mob;Rinnovo del materiale rotabile e infrastrutture per il trasporto ferroviario delle merci;"1. Locomotori, carri e
Raccordi ferroviari";Locomotori e carri;Consegna restante 50% carri dal costruttore al beneficiario;T1;2024;PNC-C.4.1.1-76
PNC-C.4;PNC-C.4.1.1;MIMS - Min Infr Mob;Rinnovo del materiale rotabile e infrastrutture per il trasporto ferroviario delle merci;"1. Locomotori, carri e
Raccordi ferroviari";Locomotori e carri;Consegna 50% locomotori dal costruttore al beneficiario;T2;2024;PNC-C.4.1.1-77
PNC-C.4;PNC-C.4.1.1;MIMS - Min Infr Mob;Rinnovo del materiale rotabile e infrastrutture per il trasporto ferroviario delle merci;"1. Locomotori, carri e
Raccordi ferroviari";Locomotori e carri;Consegna restante 50% locomotori dal costruttore al beneficiario;T3;2024;PNC-C.4.1.1-78
PNC-C.4;PNC-C.4.1.2;MIMS - Min Infr Mob;Rinnovo del materiale rotabile e infrastrutture per il trasporto ferroviario delle merci;1. Locomotori, carri e Raccordi ferroviari;Raccordi ferroviari;Avvio progettazione delle elettrificazioni dei raccordi RFI;T4;2021;PNC-C.4.1.2-79
PNC-C.4;PNC-C.4.1.2;MIMS - Min Infr Mob;Rinnovo del materiale rotabile e infrastrutture per il trasporto ferroviario delle merci;1. Locomotori, carri e Raccordi ferroviari;Raccordi ferroviari;Trasferimento risorse a RFI per elettrificare i raccordi intermodali;T2;2022;PNC-C.4.1.2-80
PNC-C.4;PNC-C.4.1.2;MIMS - Min Infr Mob;Rinnovo del materiale rotabile e infrastrutture per il trasporto ferroviario delle merci;1. Locomotori, carri e Raccordi ferroviari;Raccordi ferroviari;Conclusione primo step di lavori di elettrificazione raccordi alla rete RFI come individuato nel relativo contratto di programma;T3;2023;PNC-C.4.1.2-81
PNC-C.4;PNC-C.4.1.2;MIMS - Min Infr Mob;Rinnovo del materiale rotabile e infrastrutture per il trasporto ferroviario delle merci;1. Locomotori, carri e Raccordi ferroviari;Raccordi ferroviari;Conclusione secondo step di lavori di elettrificazione raccordi alla rete RFI come individuato nel relativo contratto di programma;T4;2023;PNC-C.4.1.2-82
PNC-C.4;PNC-C.4.1.2;MIMS - Min Infr Mob;Rinnovo del materiale rotabile e infrastrutture per il trasporto ferroviario delle merci;1. Locomotori, carri e Raccordi ferroviari;Raccordi ferroviari;Conclusione terzo step di lavori elettrificazione raccordi alla rete RFI come individuato nel relativo contratto di programma;T2;2025;PNC-C.4.1.2-83
PNC-C.4;PNC-C.4.2.1;MIMS - Min Infr Mob;Rinnovo del materiale rotabile e infrastrutture per il trasporto ferroviario delle merci;2. Mezzi intermodali;Locotrattori, transtainer/gru;Provvedimento di definizione di modalità e condizioni di erogazione del contributo riconoscibile per ciascuna tipologia di mezzo, a seguito di gara;T3;2021;PNC-C.4.2.1-84
PNC-C.4;PNC-C.4.2.1;MIMS - Min Infr Mob;Rinnovo del materiale rotabile e infrastrutture per il trasporto ferroviario delle merci;2. Mezzi intermodali;Locotrattori, transtainer/gru;Notifica CE per autorizzazione (locotrattori e transtainer/gru);T4;2021;PNC-C.4.2.1-85
PNC-C.4;PNC-C.4.2.1;MIMS - Min Infr Mob;Rinnovo del materiale rotabile e infrastrutture per il trasporto ferroviario delle merci;2. Mezzi intermodali;Locotrattori, transtainer/gru;Avvio  della procedura di concessione dei contributi;T1;2022;PNC-C.4.2.1-86
PNC-C.4;PNC-C.4.2.1;MIMS - Min Infr Mob;Rinnovo del materiale rotabile e infrastrutture per il trasporto ferroviario delle merci;2. Mezzi intermodali;Locotrattori, transtainer/gru;Individuazione beneficiari mezzi intermodali;T2;2022;PNC-C.4.2.1-87
PNC-C.4;PNC-C.4.2.1;MIMS - Min Infr Mob;Rinnovo del materiale rotabile e infrastrutture per il trasporto ferroviario delle merci;2. Mezzi intermodali;Locotrattori, transtainer/gru;DM Assegnazione delle risorse per l’acquisto dei mezzi  ai beneficiari;T3;2022;PNC-C.4.2.1-88
PNC-C.4;PNC-C.4.2.1;MIMS - Min Infr Mob;Rinnovo del materiale rotabile e infrastrutture per il trasporto ferroviario delle merci;2. Mezzi intermodali;Locotrattori, transtainer/gru;Avvio procedure di acquisto locotrattori, transtainer e gru da parte dei beneficiari;T4;2022;PNC-C.4.2.1-89
PNC-C.4;PNC-C.4.2.1;MIMS - Min Infr Mob;Rinnovo del materiale rotabile e infrastrutture per il trasporto ferroviario delle merci;2. Mezzi intermodali;Locotrattori, transtainer/gru;Consegna locotrattori dal costruttore al beneficiario;T3;2023;PNC-C.4.2.1-90
PNC-C.4;PNC-C.4.2.1;MIMS - Min Infr Mob;Rinnovo del materiale rotabile e infrastrutture per il trasporto ferroviario delle merci;2. Mezzi intermodali;Locotrattori, transtainer/gru;Consegna 50% transtainer e gru dal costruttore al beneficiario;T4;2023;PNC-C.4.2.1-91
PNC-C.4;PNC-C.4.2.1;MIMS - Min Infr Mob;Rinnovo del materiale rotabile e infrastrutture per il trasporto ferroviario delle merci;2. Mezzi intermodali;Locotrattori, transtainer/gru;Consegna ulteriore 40% transtainer e gru dal costruttore al beneficiario;T2;2024;PNC-C.4.2.1-92
PNC-C.4;PNC-C.4.2.1;MIMS - Min Infr Mob;Rinnovo del materiale rotabile e infrastrutture per il trasporto ferroviario delle merci;2. Mezzi intermodali;Locotrattori, transtainer/gru;Consegna dell’ultimo 10% transtainer e gru dal costruttore al beneficiario;T1;2025;PNC-C.4.2.1-93
PNC-C.5;PNC-C.5.1;MIMS - Min Infr Mob;Strade sicure – Messa in sicurezza e implementazione di un sistema di monitoraggio dinamico per il controllo da remoto di ponti, viadotti e tunnel (A24-A25);"PONTI E VIADOTTI
";N/A;Definizione del programma generale degli interventi del Commissario Straordinario;T3;2021;PNC-C.5.1-94
PNC-C.5;PNC-C.5.1;MIMS - Min Infr Mob;Strade sicure – Messa in sicurezza e implementazione di un sistema di monitoraggio dinamico per il controllo da remoto di ponti, viadotti e tunnel (A24-A25);"PONTI E VIADOTTI
";N/A;Redazione del progetto di monitoraggio dinamico;T4;2021;PNC-C.5.1-95
PNC-C.5;PNC-C.5.1;MIMS - Min Infr Mob;Strade sicure – Messa in sicurezza e implementazione di un sistema di monitoraggio dinamico per il controllo da remoto di ponti, viadotti e tunnel (A24-A25);"PONTI E VIADOTTI
";N/A;Avvio della procedura di affidamento  per operazioni di monitoraggio dinamico;T1;2022;PNC-C.5.1-96
PNC-C.5;PNC-C.5.1;MIMS - Min Infr Mob;Strade sicure – Messa in sicurezza e implementazione di un sistema di monitoraggio dinamico per il controllo da remoto di ponti, viadotti e tunnel (A24-A25);"PONTI E VIADOTTI
";N/A;Aggiudicazione del contratto per le attività di monitoraggio dinamico;T2;2022;PNC-C.5.1-97
PNC-C.5;PNC-C.5.1;MIMS - Min Infr Mob;Strade sicure – Messa in sicurezza e implementazione di un sistema di monitoraggio dinamico per il controllo da remoto di ponti, viadotti e tunnel (A24-A25);"PONTI E VIADOTTI
";N/A;"Redazione del progetto Interventi adeguamento 16 ponti e viadotti; Avvio lavori di installazione dispositivi di monitoraggio";T3;2022;PNC-C.5.1-98
PNC-C.5;PNC-C.5.1;MIMS - Min Infr Mob;Strade sicure – Messa in sicurezza e implementazione di un sistema di monitoraggio dinamico per il controllo da remoto di ponti, viadotti e tunnel (A24-A25);"PONTI E VIADOTTI
";N/A;20 ponti e viadotti monitorati;T4;2022;PNC-C.5.1-99
PNC-C.5;PNC-C.5.1;MIMS - Min Infr Mob;Strade sicure – Messa in sicurezza e implementazione di un sistema di monitoraggio dinamico per il controllo da remoto di ponti, viadotti e tunnel (A24-A25);"PONTI E VIADOTTI
";N/A;+ 20 ponti e viadotti monitorati a trimestre (80 nel 2023 e ulteriori 70 nel 2024);T1;2023;PNC-C.5.1-100
PNC-C.5;PNC-C.5.1;MIMS - Min Infr Mob;Strade sicure – Messa in sicurezza e implementazione di un sistema di monitoraggio dinamico per il controllo da remoto di ponti, viadotti e tunnel (A24-A25);"PONTI E VIADOTTI
";N/A;Avvio della procedura di affidamento (interventi strutturali);T4;2023;PNC-C.5.1-101
PNC-C.5;PNC-C.5.1;MIMS - Min Infr Mob;Strade sicure – Messa in sicurezza e implementazione di un sistema di monitoraggio dinamico per il controllo da remoto di ponti, viadotti e tunnel (A24-A25);"PONTI E VIADOTTI
";N/A;Aggiudicazione del contratto  (interventi strutturali);T1;2024;PNC-C.5.1-102
PNC-C.5;PNC-C.5.1;MIMS - Min Infr Mob;Strade sicure – Messa in sicurezza e implementazione di un sistema di monitoraggio dinamico per il controllo da remoto di ponti, viadotti e tunnel (A24-A25);"PONTI E VIADOTTI
";N/A;Avvio dei lavori (interventi strutturali);T2;2024;PNC-C.5.1-103
PNC-C.5;PNC-C.5.1;MIMS - Min Infr Mob;Strade sicure – Messa in sicurezza e implementazione di un sistema di monitoraggio dinamico per il controllo da remoto di ponti, viadotti e tunnel (A24-A25);"PONTI E VIADOTTI
";N/A;Completamento intervento di monitoraggio: 170 opere d’arte monitorate;T4;2024;PNC-C.5.1-104
PNC-C.5;PNC-C.5.1;MIMS - Min Infr Mob;Strade sicure – Messa in sicurezza e implementazione di un sistema di monitoraggio dinamico per il controllo da remoto di ponti, viadotti e tunnel (A24-A25);"PONTI E VIADOTTI
";N/A;9 ponti e viadotti sottoposti ad intervento di adeguamento strutturale;T2;2025;PNC-C.5.1-105
PNC-C.5;PNC-C.5.1;MIMS - Min Infr Mob;Strade sicure – Messa in sicurezza e implementazione di un sistema di monitoraggio dinamico per il controllo da remoto di ponti, viadotti e tunnel (A24-A25);"PONTI E VIADOTTI
";N/A;11 ponti e viadotti sottoposti ad intervento di adeguamento strutturale;T4;2025;PNC-C.5.1-106
PNC-C.5;PNC-C.5.1;MIMS - Min Infr Mob;Strade sicure – Messa in sicurezza e implementazione di un sistema di monitoraggio dinamico per il controllo da remoto di ponti, viadotti e tunnel (A24-A25);"PONTI E VIADOTTI
";N/A;"16 ponti e viadotti sottoposti ad intervento di adeguamento strutturale. Raggiungimento obiettivi finali: Completamento intervento monitoraggio: 170 ponti monitorati - Centrale di analisi completata e monitoraggio interamente funzionante; Completamento intervento adeguamento: 36 ponti e viadotti sottoposti ad intervento di adeguamento sismico, idrologico e dinamico";T2;2026;PNC-C.5.1-107
PNC-C.5;PNC-C.5.2;MIMS - Min Infr Mob;Strade sicure – Messa in sicurezza e implementazione di un sistema di monitoraggio dinamico per il controllo da remoto di ponti, viadotti e tunnel (A24-A25);SMART ROAD;N/A;Pubblicazione del bando;T3;2021;PNC-C.5.2-108
PNC-C.5;PNC-C.5.2;MIMS - Min Infr Mob;Strade sicure – Messa in sicurezza e implementazione di un sistema di monitoraggio dinamico per il controllo da remoto di ponti, viadotti e tunnel (A24-A25);SMART ROAD;N/A;Aggiudicazione del contratto;T2;2022;PNC-C.5.2-109
PNC-C.5;PNC-C.5.2;MIMS - Min Infr Mob;Strade sicure – Messa in sicurezza e implementazione di un sistema di monitoraggio dinamico per il controllo da remoto di ponti, viadotti e tunnel (A24-A25);SMART ROAD;N/A;Avvio dei lavori di installazione dispositivi per smart road;T3;2022;PNC-C.5.2-110
PNC-C.5;PNC-C.5.2;MIMS - Min Infr Mob;Strade sicure – Messa in sicurezza e implementazione di un sistema di monitoraggio dinamico per il controllo da remoto di ponti, viadotti e tunnel (A24-A25);SMART ROAD;N/A;Attivazione dispositivi Smart road sulle prime tratte;T4;2024;PNC-C.5.2-111
PNC-C.5;PNC-C.5.2;MIMS - Min Infr Mob;Strade sicure – Messa in sicurezza e implementazione di un sistema di monitoraggio dinamico per il controllo da remoto di ponti, viadotti e tunnel (A24-A25);SMART ROAD;N/A;Completamento istallazione e attivazione dei dispositivi di Smart road sul sistema autostradale;T4;2026;PNC-C.5.2-112
PNC-C.5;PNC-C.5.3;MIMS - Min Infr Mob;Strade sicure – Messa in sicurezza e implementazione di un sistema di monitoraggio dinamico per il controllo da remoto di ponti, viadotti e tunnel (A24-A25);TRAFORO DEL GRAN SASSO;N/A;Avvio progettazione interventi;T4;2021;PNC-C.5.3-113
PNC-C.5;PNC-C.5.3;MIMS - Min Infr Mob;Strade sicure – Messa in sicurezza e implementazione di un sistema di monitoraggio dinamico per il controllo da remoto di ponti, viadotti e tunnel (A24-A25);TRAFORO DEL GRAN SASSO;N/A;Pubblicazione del bando di gara per l’esecuzione dei lavori di adeguamento ed efficientamento;T4;2022;PNC-C.5.3-114
PNC-C.5;PNC-C.5.3;MIMS - Min Infr Mob;Strade sicure – Messa in sicurezza e implementazione di un sistema di monitoraggio dinamico per il controllo da remoto di ponti, viadotti e tunnel (A24-A25);TRAFORO DEL GRAN SASSO;N/A;Aggiudicazione del contratto;T1;2023;PNC-C.5.3-115
PNC-C.5;PNC-C.5.3;MIMS - Min Infr Mob;Strade sicure – Messa in sicurezza e implementazione di un sistema di monitoraggio dinamico per il controllo da remoto di ponti, viadotti e tunnel (A24-A25);TRAFORO DEL GRAN SASSO;N/A;Avvio dei lavori;T2;2023;PNC-C.5.3-116
PNC-C.5;PNC-C.5.3;MIMS - Min Infr Mob;Strade sicure – Messa in sicurezza e implementazione di un sistema di monitoraggio dinamico per il controllo da remoto di ponti, viadotti e tunnel (A24-A25);TRAFORO DEL GRAN SASSO;N/A;Collaudo/messa in esercizio;T4;2025;PNC-C.5.3-117
PNC-C.6;PNC-C.6;MIMS - Min Infr Mob;Strade sicure – Implementazione di un sistema di monitoraggio dinamico per il controllo da remoto di ponti, viadotti e tunnel della rete viaria principale;N/A;N/A;Decreto ministeriale di ripartizione delle somme tra enti gestori;T4;2021;PNC-C.6-118
PNC-C.6;PNC-C.6;MIMS - Min Infr Mob;Strade sicure – Implementazione di un sistema di monitoraggio dinamico per il controllo da remoto di ponti, viadotti e tunnel della rete viaria principale;N/A;N/A;"Decreto direttoriale di approvazione dei Piani operativi predisposti da Anas; Protocolli d’intesa di approvazione dei Piani operativi predisposti dai gestori delle tratte autostradali";T2;2022;PNC-C.6-119
PNC-C.6;PNC-C.6;MIMS - Min Infr Mob;Strade sicure – Implementazione di un sistema di monitoraggio dinamico per il controllo da remoto di ponti, viadotti e tunnel della rete viaria principale;N/A;N/A;Avvio procedura di affidamento dei lavori;T4;2022;PNC-C.6-120
PNC-C.6;PNC-C.6;MIMS - Min Infr Mob;Strade sicure – Implementazione di un sistema di monitoraggio dinamico per il controllo da remoto di ponti, viadotti e tunnel della rete viaria principale;N/A;N/A;Aggiudicazione dei lavori;T1;2023;PNC-C.6-121
PNC-C.6;PNC-C.6;MIMS - Min Infr Mob;Strade sicure – Implementazione di un sistema di monitoraggio dinamico per il controllo da remoto di ponti, viadotti e tunnel della rete viaria principale;N/A;N/A;Avvio dei lavori;T2;2023;PNC-C.6-122
PNC-C.6;PNC-C.6;MIMS - Min Infr Mob;Strade sicure – Implementazione di un sistema di monitoraggio dinamico per il controllo da remoto di ponti, viadotti e tunnel della rete viaria principale;N/A;N/A;Installazione dei sistemi di monitoraggio tecnologico e pianificazione delle priorità;T4;2023;PNC-C.6-123
PNC-C.6;PNC-C.6;MIMS - Min Infr Mob;Strade sicure – Implementazione di un sistema di monitoraggio dinamico per il controllo da remoto di ponti, viadotti e tunnel della rete viaria principale;N/A;N/A;Avvio della piattaforma tecnologica integrata messa a disposizione degli operatori e progressiva implementazione dinamica della stessa, sulla base dei dati raccolti e delle evidenziate priorità di intervento;T2;2024;PNC-C.6-124
PNC-C.6;PNC-C.6;MIMS - Min Infr Mob;Strade sicure – Implementazione di un sistema di monitoraggio dinamico per il controllo da remoto di ponti, viadotti e tunnel della rete viaria principale;N/A;N/A;"12.000 ponti e viadotti controllati; 6.500 ponti e viadotti strumentati; 200 ponti e viadotti modellati BIM e completamente analizzati (case studies).";T1;2026;PNC-C.6-125
PNC-C.7;PNC-C.7;MIMS - Min Infr Mob;Sviluppo dell’accessibilità marittima e della resilienza delle infrastrutture portuali ai cambiamenti climatici;N/A;N/A;Decreto ministeriale di individuazione beneficiari;T3;2021;PNC-C.7-126
PNC-C.7;PNC-C.7;MIMS - Min Infr Mob;Sviluppo dell’accessibilità marittima e della resilienza delle infrastrutture portuali ai cambiamenti climatici;N/A;N/A;D.D.: accordi procedimentali con ciascuna ADSP relativamente agli interventi da realizzare;T4;2021;PNC-C.7-127
PNC-C.7;PNC-C.7;MIMS - Min Infr Mob;Sviluppo dell’accessibilità marittima e della resilienza delle infrastrutture portuali ai cambiamenti climatici;N/A;N/A;Trasferimento risorse a soggetti attuatori;T1;2022;PNC-C.7-128
PNC-C.7;PNC-C.7;MIMS - Min Infr Mob;Sviluppo dell’accessibilità marittima e della resilienza delle infrastrutture portuali ai cambiamenti climatici;N/A;N/A;Pubblicazione da parte delle Autorità di sistema portuale dei bandi di gara per la realizzazione del 30% delle opere /esecuzione dei lavori;T2;2022;PNC-C.7-129
PNC-C.7;PNC-C.7;MIMS - Min Infr Mob;Sviluppo dell’accessibilità marittima e della resilienza delle infrastrutture portuali ai cambiamenti climatici;N/A;N/A;Aggiudicazione del contratto per la realizzazione del 30% delle opere/esecuzione dei lavori da parte delle   Autorità di sistema portuale e Avvio del 30% dei lavori;T4;2022;PNC-C.7-130
PNC-C.7;PNC-C.7;MIMS - Min Infr Mob;Sviluppo dell’accessibilità marittima e della resilienza delle infrastrutture portuali ai cambiamenti climatici;N/A;N/A;Pubblicazione da parte delle Autorità di sistema portuale dei bandi di gara per la realizzazione del 100% delle opere/esecuzione dei lavori;T2;2023;PNC-C.7-131
PNC-C.7;PNC-C.7;MIMS - Min Infr Mob;Sviluppo dell’accessibilità marittima e della resilienza delle infrastrutture portuali ai cambiamenti climatici;N/A;N/A;Aggiudicazione del contratto per la realizzazione del 100% delle opere/esecuzione dei lavori da parte di tutte le Autorità di sistema;T4;2023;PNC-C.7-132
PNC-C.7;PNC-C.7;MIMS - Min Infr Mob;Sviluppo dell’accessibilità marittima e della resilienza delle infrastrutture portuali ai cambiamenti climatici;N/A;N/A;Avvio del 80% dei lavori;T1;2024;PNC-C.7-133
PNC-C.7;PNC-C.7;MIMS - Min Infr Mob;Sviluppo dell’accessibilità marittima e della resilienza delle infrastrutture portuali ai cambiamenti climatici;N/A;N/A;Avvio del 100% dei lavori;T2;2024;PNC-C.7-134
PNC-C.7;PNC-C.7;MIMS - Min Infr Mob;Sviluppo dell’accessibilità marittima e della resilienza delle infrastrutture portuali ai cambiamenti climatici;N/A;N/A;23 interventi portuali di cui 22 in porti della rete TEN-T con migliorata accessibilità marittima e resilienza delle infrastrutture ai cambiamenti climatici;T2;2026;PNC-C.7-135
PNC-C.7;PNC-C.7;MIMS - Min Infr Mob;Sviluppo dell’accessibilità marittima e della resilienza delle infrastrutture portuali ai cambiamenti climatici;N/A;N/A;Collaudo;T4;2026;PNC-C.7-136
PNC-C.8;PNC-C.8;MIMS - Min Infr Mob;Aumento selettivo della capacità portuale;N/A;N/A;Decreto ministeriale di individuazione beneficiari;T3;2021;PNC-C.8-137
PNC-C.8;PNC-C.8;MIMS - Min Infr Mob;Aumento selettivo della capacità portuale;N/A;N/A;D.D.: accordi procedimentali con ciascuna ADSP relativamente agli interventi da realizzare;T4;2021;PNC-C.8-138
PNC-C.8;PNC-C.8;MIMS - Min Infr Mob;Aumento selettivo della capacità portuale;N/A;N/A;Trasferimento risorse a soggetti attuatori;T1;2022;PNC-C.8-139
PNC-C.8;PNC-C.8;MIMS - Min Infr Mob;Aumento selettivo della capacità portuale;N/A;N/A;Pubblicazione da parte delle Autorità di sistema portuale dei bandi di gara per la realizzazione del 30% delle opere /esecuzione dei lavori;T2;2022;PNC-C.8-140
PNC-C.8;PNC-C.8;MIMS - Min Infr Mob;Aumento selettivo della capacità portuale;N/A;N/A;Aggiudicazione del contratto per la realizzazione del 30% delle opere/esecuzione dei lavori da parte delle   Autorità di sistema portuale e Avvio del 30% dei lavori;T4;2022;PNC-C.8-141
PNC-C.8;PNC-C.8;MIMS - Min Infr Mob;Aumento selettivo della capacità portuale;N/A;N/A;Pubblicazione da parte delle Autorità di sistema portuale dei bandi di gara per la realizzazione del 100% delle opere/esecuzione dei lavori;T2;2023;PNC-C.8-142
PNC-C.8;PNC-C.8;MIMS - Min Infr Mob;Aumento selettivo della capacità portuale;N/A;N/A;Aggiudicazione del contratto per la realizzazione del 100% delle opere/esecuzione dei lavori da parte di tutte le Autorità di sistema;T4;2023;PNC-C.8-143
PNC-C.8;PNC-C.8;MIMS - Min Infr Mob;Aumento selettivo della capacità portuale;N/A;N/A;Avvio del 100% dei lavori;T1;2024;PNC-C.8-144
PNC-C.8;PNC-C.8;MIMS - Min Infr Mob;Aumento selettivo della capacità portuale;N/A;N/A;Aumento della capacità portuale misurata in termini di estensione delle aree operative: 1.000.000 mq;T1;2026;PNC-C.8-145
PNC-C.8;PNC-C.8;MIMS - Min Infr Mob;Aumento selettivo della capacità portuale;N/A;N/A;Collaudo;T2;2026;PNC-C.8-146
PNC-C.9;PNC-C.9;MIMS - Min Infr Mob;Ultimo/Penultimo Miglio Ferroviario/Stradale;N/A;N/A;Decreto ministeriale di individuazione beneficiari;T3;2021;PNC-C.9-147
PNC-C.9;PNC-C.9;MIMS - Min Infr Mob;Ultimo/Penultimo Miglio Ferroviario/Stradale;N/A;N/A;D.D.: accordi procedimentali con ciascuna ADSP relativamente agli interventi da realizzare;T4;2021;PNC-C.9-148
PNC-C.9;PNC-C.9;MIMS - Min Infr Mob;Ultimo/Penultimo Miglio Ferroviario/Stradale;N/A;N/A;Trasferimento risorse a soggetti attuatori;T1;2022;PNC-C.9-149
PNC-C.9;PNC-C.9;MIMS - Min Infr Mob;Ultimo/Penultimo Miglio Ferroviario/Stradale;N/A;N/A;Pubblicazione da parte delle Autorità di sistema portuale dei bandi di gara per la realizzazione del 30% delle opere /esecuzione dei lavori;T2;2022;PNC-C.9-150
PNC-C.9;PNC-C.9;MIMS - Min Infr Mob;Ultimo/Penultimo Miglio Ferroviario/Stradale;N/A;N/A;Aggiudicazione del contratto per la realizzazione del 30% delle opere/esecuzione dei lavori da parte delle   Autorità di sistema portuale  e Avvio  del 30% dei lavori;T4;2022;PNC-C.9-151
PNC-C.9;PNC-C.9;MIMS - Min Infr Mob;Ultimo/Penultimo Miglio Ferroviario/Stradale;N/A;N/A;Pubblicazione da parte delle Autorità di sistema portuale dei bandi di gara per la realizzazione del 100% delle opere/esecuzione dei lavori;T2;2023;PNC-C.9-152
PNC-C.9;PNC-C.9;MIMS - Min Infr Mob;Ultimo/Penultimo Miglio Ferroviario/Stradale;N/A;N/A;Aggiudicazione del contratto per la realizzazione del 100% delle opere/esecuzione dei lavori da parte di tutte le Autorità di sistema;T4;2023;PNC-C.9-153
PNC-C.9;PNC-C.9;MIMS - Min Infr Mob;Ultimo/Penultimo Miglio Ferroviario/Stradale;N/A;N/A;Avvio del 100% dei lavori;T1;2024;PNC-C.9-154
PNC-C.9;PNC-C.9;MIMS - Min Infr Mob;Ultimo/Penultimo Miglio Ferroviario/Stradale;N/A;N/A;6 interventi di cui 3 porti TEN-T con migliorata accessibilità stradale;T3;2025;PNC-C.9-155
PNC-C.9;PNC-C.9;MIMS - Min Infr Mob;Ultimo/Penultimo Miglio Ferroviario/Stradale;N/A;N/A;Collaudo;T1;2026;PNC-C.9-156
PNC-C.10;PNC-C.10;MIMS - Min Infr Mob;Efficientamento energetico;N/A;N/A;Decreto ministeriale di individuazione beneficiari;T3;2021;PNC-C.10-157
PNC-C.10;PNC-C.10;MIMS - Min Infr Mob;Efficientamento energetico;N/A;N/A;D.D.: accordi procedimentali con ADSP;T4;2021;PNC-C.10-158
PNC-C.10;PNC-C.10;MIMS - Min Infr Mob;Efficientamento energetico;N/A;N/A;Trasferimento risorse a soggetti attuatori;T1;2022;PNC-C.10-159
PNC-C.10;PNC-C.10;MIMS - Min Infr Mob;Efficientamento energetico;N/A;N/A;Pubblicazione da parte delle Autorità di sistema portuale dei bandi di gara per la realizzazione dell’opera/esecuzione dei lavori;T2;2022;PNC-C.10-160
PNC-C.10;PNC-C.10;MIMS - Min Infr Mob;Efficientamento energetico;N/A;N/A;Aggiudicazione del contratto per la realizzazione dell’opera/esecuzione dei lavori;T1;2023;PNC-C.10-161
PNC-C.10;PNC-C.10;MIMS - Min Infr Mob;Efficientamento energetico;N/A;N/A;Avvio lavori;T2;2023;PNC-C.10-162
PNC-C.10;PNC-C.10;MIMS - Min Infr Mob;Efficientamento energetico;N/A;N/A;"Realizzazione di un deposito costiero di GNL; Realizzazione di banchine elettrificate nei quattro porti dell’AdSP dello Stretto";T2;2025;PNC-C.10-163
PNC-C.10;PNC-C.10;MIMS - Min Infr Mob;Efficientamento energetico;N/A;N/A;Collaudo;T1;2026;PNC-C.10-164
PNC-C.11;PNC-C.11;MIMS - Min Infr Mob;Elettrificazione delle banchine (Cold ironing);N/A;N/A;Decreto ministeriale di individuazione beneficiari;T3;2021;PNC-C.11-165
PNC-C.11;PNC-C.11;MIMS - Min Infr Mob;Elettrificazione delle banchine (Cold ironing);N/A;N/A;D.D.: accordi procedimentali con ciascuna ADSP;T4;2021;PNC-C.11-166
PNC-C.11;PNC-C.11;MIMS - Min Infr Mob;Elettrificazione delle banchine (Cold ironing);N/A;N/A;Trasferimento risorse a soggetti attuatori;T1;2022;PNC-C.11-167
PNC-C.11;PNC-C.11;MIMS - Min Infr Mob;Elettrificazione delle banchine (Cold ironing);N/A;N/A;Pubblicazione da parte delle Autorità di sistema portuale dei bandi di gara per la realizzazione del 30% delle opere /esecuzione dei lavori;T2;2022;PNC-C.11-168
PNC-C.11;PNC-C.11;MIMS - Min Infr Mob;Elettrificazione delle banchine (Cold ironing);N/A;N/A;Aggiudicazione del contratto per la realizzazione del 30% delle opere/esecuzione dei lavori da parte delle   Autorità di sistema portuale e avvio del 30% dei lavori;T4;2022;PNC-C.11-169
PNC-C.11;PNC-C.11;MIMS - Min Infr Mob;Elettrificazione delle banchine (Cold ironing);N/A;N/A;Pubblicazione da parte delle Autorità di sistema portuale dei bandi di gara per la realizzazione del 100% delle opere/esecuzione dei lavori;T3;2023;PNC-C.11-170
PNC-C.11;PNC-C.11;MIMS - Min Infr Mob;Elettrificazione delle banchine (Cold ironing);N/A;N/A;Aggiudicazione del contratto per la realizzazione del 100% delle opere/esecuzione dei lavori da parte di tutte le Autorità di sistema;T1;2024;PNC-C.11-171
PNC-C.11;PNC-C.11;MIMS - Min Infr Mob;Elettrificazione delle banchine (Cold ironing);N/A;N/A;Avvio del 100% dei lavori;T2;2024;PNC-C.11-172
PNC-C.11;PNC-C.11;MIMS - Min Infr Mob;Elettrificazione delle banchine (Cold ironing);N/A;N/A;Installazione della complessiva Potenza elettrica pari a 682 MW;T2;2026;PNC-C.11-173
PNC-C.12;PNC-C.12;MIMS - Min Infr Mob;Strategia Nazionale Aree Interne;N/A;N/A;Decreto Ministeriale di ripartizione delle somme tra i S. A.;T3;2021;PNC-C.12-174
PNC-C.12;PNC-C.12;MIMS - Min Infr Mob;Strategia Nazionale Aree Interne;N/A;N/A;Condivisione e scelta degli interventi da parte dei Comitati Aree interne e soggetti gestori delle strade individuate;T4;2021;PNC-C.12-175
PNC-C.12;PNC-C.12;MIMS - Min Infr Mob;Strategia Nazionale Aree Interne;N/A;N/A;Predisposizione, da parte dei S.A., dei Piani operativi di intervento;T1;2022;PNC-C.12-176
PNC-C.12;PNC-C.12;MIMS - Min Infr Mob;Strategia Nazionale Aree Interne;N/A;N/A;Approvazione dei Piani di intervento da parte delle Autorità centrali;T2;2022;PNC-C.12-177
PNC-C.12;PNC-C.12;MIMS - Min Infr Mob;Strategia Nazionale Aree Interne;N/A;N/A;Predisposizione dei progetti da parte dei S.A.;T3;2022;PNC-C.12-178
PNC-C.12;PNC-C.12;MIMS - Min Infr Mob;Strategia Nazionale Aree Interne;N/A;N/A;Pubblicazione dei bandi di gara per la realizzazione degli interventi;T4;2022;PNC-C.12-179
PNC-C.12;PNC-C.12;MIMS - Min Infr Mob;Strategia Nazionale Aree Interne;N/A;N/A;Aggiudicazione dei contratti;T1;2023;PNC-C.12-180
PNC-C.12;PNC-C.12;MIMS - Min Infr Mob;Strategia Nazionale Aree Interne;N/A;N/A;Avvio dei lavori;T2;2023;PNC-C.12-181
PNC-C.12;PNC-C.12;MIMS - Min Infr Mob;Strategia Nazionale Aree Interne;N/A;N/A;Conclusione dei lavori/collaudo interventi su 2.000 km di strade;T1;2026;PNC-C.12-182
PNC-C.13;PNC-C.13;MIMS - Min Infr Mob;Sicuro, verde e sociale: riqualificazione dell'edilizia residenziale pubblica;N/A;N/A;Emanazione DPCM, previa intesa in sede di Conferenza unificata, recante gli indicatori per il riparto delle somme su base regionale, le modalità ed i termini di ammissione a finanziamento degli interventi e le modalità di erogazione dei finanziamenti.;T3;2021;PNC-C.13-183
PNC-C.13;PNC-C.13;MIMS - Min Infr Mob;Sicuro, verde e sociale: riqualificazione dell'edilizia residenziale pubblica;N/A;N/A;Pubblicazione dei Bandi da parte delle Regioni per individuazione proposte da parte degli ex Istituti autonomi case popolari, comunque denominati, dei Comuni e degli enti di edilizia residenziale pubblica aventi le stesse finalità degli ex Istituti autonomi case popolari e conseguente predisposizione della programmazione degli interventi da parte delle Regioni;T4;2021;PNC-C.13-184
PNC-C.13;PNC-C.13;MIMS - Min Infr Mob;Sicuro, verde e sociale: riqualificazione dell'edilizia residenziale pubblica;N/A;N/A;Trasmissione della Programmazione degli interventi da parte delle Regioni al MIMS e al Dipartimento Casa Italia con conseguente adozione del Decreto MIMS, di concerto con Casa Italia, di approvazione della Programmazione. Individuazione delle stazioni appaltanti (centrali uniche di committenza nazionali, regionali o enti locali) da parte delle Regioni.;T1;2022;PNC-C.13-185
PNC-C.13;PNC-C.13;MIMS - Min Infr Mob;Sicuro, verde e sociale: riqualificazione dell'edilizia residenziale pubblica;N/A;N/A;Affidamento da parte della stazione appaltante della progettazione degli interventi;T2;2022;PNC-C.13-186
PNC-C.13;PNC-C.13;MIMS - Min Infr Mob;Sicuro, verde e sociale: riqualificazione dell'edilizia residenziale pubblica;N/A;N/A;Approvazione della progettazione finale ed esecutiva da parte delle stazioni appaltanti.;T3;2022;PNC-C.13-187
PNC-C.13;PNC-C.13;MIMS - Min Infr Mob;Sicuro, verde e sociale: riqualificazione dell'edilizia residenziale pubblica;N/A;N/A;Pubblicazione da parte delle stazioni appaltanti dei bandi di gara per la realizzazione dell’opera/esecuzione dei lavori;T4;2022;PNC-C.13-188
PNC-C.13;PNC-C.13;MIMS - Min Infr Mob;Sicuro, verde e sociale: riqualificazione dell'edilizia residenziale pubblica;N/A;N/A;Aggiudicazione dei contratti da parte delle stazioni appaltanti;T1;2023;PNC-C.13-189
PNC-C.13;PNC-C.13;MIMS - Min Infr Mob;Sicuro, verde e sociale: riqualificazione dell'edilizia residenziale pubblica;N/A;N/A;Consegna/Avvio dei lavori;T2;2023;PNC-C.13-190
PNC-C.13;PNC-C.13;MIMS - Min Infr Mob;Sicuro, verde e sociale: riqualificazione dell'edilizia residenziale pubblica;N/A;N/A;Realizzazione del 50% dei lavori;T4;2024;PNC-C.13-191
PNC-C.13;PNC-C.13;MIMS - Min Infr Mob;Sicuro, verde e sociale: riqualificazione dell'edilizia residenziale pubblica;N/A;N/A;Ultimazione del residuo 50% dei lavori. Conclusione degli interventi con certificato di collaudo finale redatto dalle stazioni appaltanti;T1;2026;PNC-C.13-192
PNC-C.13;PNC-C.13;MIMS - Min Infr Mob;Sicuro, verde e sociale: riqualificazione dell'edilizia residenziale pubblica;N/A;N/A;"Raggiungimento dell’obiettivo finale del Piano con riguardo a: Una superficie di immobili ERP interessata dagli interventi di efficientamento energetico pari a 4,5 milioni mq, pari a circa 1/10 dell'intera superficie del patrimonio edilizio residenziale pubblico in Italia; Una superficie di immobili ERP interessata dagli interventi di miglioramento o adeguamento sismico pari a 1,4 milioni mq, pari a circa 1/30 dell'intera superficie del patrimonio edilizio residenziale pubblico in Italia; Un incremento di superficie ottenuto mediante acquisti di immobili ERP pari a 450.000 mq, pari a circa 1/100 dell'intera superficie del patrimonio edilizio residenziale pubblico in Italia; Una riduzione del consumo energetico di circa 27.000 tep, pari a un risparmio del 35% del consumo medio ad alloggio oggetto di intervento ovvero di circa 1,8 tep; Una riduzione di emissioni di CO2 in atmosfera pari a circa 80.000 (tonn/anno)";T4;2026;PNC-C.13-193
PNC-D.1;PNC-D.1;MIC - Min Cultura;Piano di investimenti strategici sui siti del patrimonio culturale, edifici e aree naturali;N/A;N/A;"dPCM di individuazione degli interventi e di riparto delle risorse. Decreto ministeriale di Approvazione dello schema di disciplinare d’obbligo con i Soggetti Attuatori (SA); Decreto ministeriale di Individuazione della Centrale Unica di Committenza e stipula convenzione.";T3;2021;PNC-D.1-194
PNC-D.1;PNC-D.1;MIC - Min Cultura;Piano di investimenti strategici sui siti del patrimonio culturale, edifici e aree naturali;N/A;N/A;"Approvazione del Piano di supporto tecnico; convenzioni e contratti per l’affidamento dei servizi di AT. Sottoscrizione dei Disciplinari d’obbligo con i soggetti attuatori e conseguente concessione delle anticipazioni (sulla base di QE preliminare).";T4;2021;PNC-D.1-195
PNC-D.1;PNC-D.1;MIC - Min Cultura;Piano di investimenti strategici sui siti del patrimonio culturale, edifici e aree naturali;N/A;N/A;Pubblicazione dei Bandi di gara per appalto lavori e servizi per interventi corrispondenti al 30% delle risorse.;T2;2022;PNC-D.1-196
PNC-D.1;PNC-D.1;MIC - Min Cultura;Piano di investimenti strategici sui siti del patrimonio culturale, edifici e aree naturali;N/A;N/A;Aggiudicazione delle gare per interventi corrispondenti al 30% delle risorse.;T4;2022;PNC-D.1-197
PNC-D.1;PNC-D.1;MIC - Min Cultura;Piano di investimenti strategici sui siti del patrimonio culturale, edifici e aree naturali;N/A;N/A;Decreto di assegnazione definitiva delle risorse (sulla base di QE definitivo pre-gara) a seguito del perfezionamento dei livelli progettuali. Avvio lavori per interventi corrispondenti al 30% delle risorse.;T1;2023;PNC-D.1-198
PNC-D.1;PNC-D.1;MIC - Min Cultura;Piano di investimenti strategici sui siti del patrimonio culturale, edifici e aree naturali;N/A;N/A;Pubblicazione di tutti i Bandi di gara per appalto lavori e servizi.;T2;2023;PNC-D.1-199
PNC-D.1;PNC-D.1;MIC - Min Cultura;Piano di investimenti strategici sui siti del patrimonio culturale, edifici e aree naturali;N/A;N/A;Aggiudicazione di tutte le gare.;T4;2023;PNC-D.1-200
PNC-D.1;PNC-D.1;MIC - Min Cultura;Piano di investimenti strategici sui siti del patrimonio culturale, edifici e aree naturali;N/A;N/A;Avvio lavori per tutti gli interventi.;T1;2024;PNC-D.1-201
PNC-D.1;PNC-D.1;MIC - Min Cultura;Piano di investimenti strategici sui siti del patrimonio culturale, edifici e aree naturali;N/A;N/A;Conclusione lavori in tutti i siti - collaudo degli interventi.;T4;2026;PNC-D.1-202
PNC-E.1;PNC-E.1.1;MS - Min Salute;Salute, ambiente, biodiversità e clima;1) rafforzamento complessivo delle strutture e dei servizi di snps-snpa a livello nazionale, regionale e locale;N/A;Pubblicazione bando, aggiudicazione (entro 3 mesi successivi) e avvio interventi (entro 3 mesi successivi): per 5% del rafforzamento complessivo delle strutture regionali (SNPA).;T1;2022;PNC-E.1.1-203
PNC-E.1;PNC-E.1.1;MS - Min Salute;Salute, ambiente, biodiversità e clima;1) rafforzamento complessivo delle strutture e dei servizi di snps-snpa a livello nazionale, regionale e locale;N/A;"Provvedimento di assegnazione delle risorse per la realizzazione delle opere di istituzione/rafforzamento di strutture nazionali, regionali e territoriali con competenze e responsabilità specifiche in salute-ambiente-clima (Piano di azione SNPS SNPA); provvedimento di istituzione del SNPS.";T2;2022;PNC-E.1.1-204
PNC-E.1;PNC-E.1.1;MS - Min Salute;Salute, ambiente, biodiversità e clima;1) rafforzamento complessivo delle strutture e dei servizi di snps-snpa a livello nazionale, regionale e locale;N/A;Pubblicazione bando, aggiudicazione (entro 3 mesi successivi) e avvio interventi (entro 3 mesi successivi): per 5% del rafforzamento complessivo delle strutture regionali (SNPS-SNPA) e 25% del rafforzamento complessivo delle strutture nazionali.;T1;2023;PNC-E.1.1-205
PNC-E.1;PNC-E.1.1;MS - Min Salute;Salute, ambiente, biodiversità e clima;1) rafforzamento complessivo delle strutture e dei servizi di snps-snpa a livello nazionale, regionale e locale;N/A;Pubblicazione bando, aggiudicazione (entro 3 mesi successivi) e avvio interventi (entro 3 mesi successivi): per 10% del rafforzamento complessivo delle strutture regionali (SNPS-SNPA) e 25% del rafforzamento complessivo delle strutture nazionali.;T4;2023;PNC-E.1.1-206
PNC-E.1;PNC-E.1.1;MS - Min Salute;Salute, ambiente, biodiversità e clima;1) rafforzamento complessivo delle strutture e dei servizi di snps-snpa a livello nazionale, regionale e locale;N/A;Pubblicazione bando, aggiudicazione (entro 3 mesi successivi) e avvio interventi (entro 3 mesi successivi): per 5% del rafforzamento complessivo delle strutture regionali (SNPS-SNPA) e 50% del rafforzamento complessivo delle strutture nazionali. Stato avanzamento lavori (impegno risorse / acquisto da parte dei soggetti delle risorse strumentali) - rinnovamento 50% strutture nazionali e 20% strutture regionali (SNPS-SNPA).;T4;2024;PNC-E.1.1-207
PNC-E.1;PNC-E.1.1;MS - Min Salute;Salute, ambiente, biodiversità e clima;1) rafforzamento complessivo delle strutture e dei servizi di snps-snpa a livello nazionale, regionale e locale;N/A;Pubblicazione bando, aggiudicazione (entro 3 mesi successivi) e avvio interventi (entro 3 mesi successivi): per 25% del rafforzamento complessivo delle strutture regionali (SNPS-SNPA).;T4;2025;PNC-E.1.1-208
PNC-E.1;PNC-E.1.1;MS - Min Salute;Salute, ambiente, biodiversità e clima;1) rafforzamento complessivo delle strutture e dei servizi di snps-snpa a livello nazionale, regionale e locale;N/A;100% di strutture nazionali e almeno il 50% di strutture regionali/territoriali afferenti al SNPS-SNPA pienamente operative (rinnovate, digitalizzate e collegate in rete) a livello nazionale, regionale e locale.;T4;2026;PNC-E.1.1-209
PNC-E.1;PNC-E.1.2;MS - Min Salute;Salute, ambiente, biodiversità e clima;2) sviluppo e implementazione di specifici programmi operativi pilota per la definizione di modelli di intervento integrato salute-ambiente-clima in 2 siti contaminati selezionati di interesse nazionale;N/A;Provvedimenti per l’identificazione dei siti contaminati e definizione del piano di interventi integrati di promozione della salute, sorveglianza attiva e assistenza sanitaria e sistemi di comunicazione partecipativa delle comunità.;T4;2022;PNC-E.1.2-210
PNC-E.1;PNC-E.1.2;MS - Min Salute;Salute, ambiente, biodiversità e clima;2) sviluppo e implementazione di specifici programmi operativi pilota per la definizione di modelli di intervento integrato salute-ambiente-clima in 2 siti contaminati selezionati di interesse nazionale;N/A;Pubblicazione bando e aggiudicazione.;T4;2023;PNC-E.1.2-211
PNC-E.1;PNC-E.1.2;MS - Min Salute;Salute, ambiente, biodiversità e clima;2) sviluppo e implementazione di specifici programmi operativi pilota per la definizione di modelli di intervento integrato salute-ambiente-clima in 2 siti contaminati selezionati di interesse nazionale;N/A;Avvio interventi con prima quota finanziamenti per i soggetti attuatori pari al 25% dei fondi totali disponibili per l’intero programma.;T1;2024;PNC-E.1.2-212
PNC-E.1;PNC-E.1.2;MS - Min Salute;Salute, ambiente, biodiversità e clima;2) sviluppo e implementazione di specifici programmi operativi pilota per la definizione di modelli di intervento integrato salute-ambiente-clima in 2 siti contaminati selezionati di interesse nazionale;N/A;Monitoraggio stato di attuazione previsto negli atti formali (convenzioni/accordi), rendicontazione e verifica dello stato di avanzamento e seconda quota dei finanziamenti pari al 25% dei fondi totali disponibili per l’intero programma.;T4;2024;PNC-E.1.2-213
PNC-E.1;PNC-E.1.2;MS - Min Salute;Salute, ambiente, biodiversità e clima;2) sviluppo e implementazione di specifici programmi operativi pilota per la definizione di modelli di intervento integrato salute-ambiente-clima in 2 siti contaminati selezionati di interesse nazionale;N/A;Monitoraggio stato di attuazione previsto negli atti formali (convenzioni/accordi), rendicontazione e verifica dello stato di avanzamento e terza quota dei finanziamenti pari al 25% dei fondi totali disponibili per l’intero programma.;T4;2025;PNC-E.1.2-214
PNC-E.1;PNC-E.1.2;MS - Min Salute;Salute, ambiente, biodiversità e clima;2) sviluppo e implementazione di specifici programmi operativi pilota per la definizione di modelli di intervento integrato salute-ambiente-clima in 2 siti contaminati selezionati di interesse nazionale;N/A;Monitoraggio stato di attuazione previsto negli atti formali (convenzioni/accordi), rendicontazione e verifica dello stato di avanzamento e quarta quota dei finanziamenti pari al 25% dei fondi totali disponibili per l’intero programma. N.2 interventi integrati di salute-ambiente-clima in 2 siti contaminati rappresentativi, di interesse nazionale.;T4;2026;PNC-E.1.2-215
PNC-E.1;PNC-E.1.3;MS - Min Salute;Salute, ambiente, biodiversità e clima;3) formazione di livello universitario e programma nazionale di formazione continua in salute-ambiente-clima;N/A;"Adozione provvedimento per definizione Piano di azione MdS-ISS; provvedimento di istituzione del SNPS";T2;2022;PNC-E.1.3-216
PNC-E.1;PNC-E.1.3;MS - Min Salute;Salute, ambiente, biodiversità e clima;3) formazione di livello universitario e programma nazionale di formazione continua in salute-ambiente-clima;N/A;Fase esecutiva - Acquisizione e rinnovamento infrastrutturale, di strumentazioni gestionali, piattaforme informatiche e sistemi qualità presso il centro di formazione Salute, Ambiente e Clima presso l’ISS;T4;2023;PNC-E.1.3-217
PNC-E.1;PNC-E.1.3;MS - Min Salute;Salute, ambiente, biodiversità e clima;3) formazione di livello universitario e programma nazionale di formazione continua in salute-ambiente-clima;N/A;Provvedimento adozione Piano di formazione - progettazione corsi di formazione FAD;T2;2024;PNC-E.1.3-218
PNC-E.1;PNC-E.1.3;MS - Min Salute;Salute, ambiente, biodiversità e clima;3) formazione di livello universitario e programma nazionale di formazione continua in salute-ambiente-clima;N/A;Almeno 14 corsi FAD attivati: programma nazionale di formazione continua in salute-ambiente-clima (formazione a distanza) anche di livello universitario sui rischi sanitari associati a determinati ambientali e cambiamenti climatici sia rispetto a aree tematiche specifiche che su approcci multidisciplinari funzionali alla visione degli SDGs per i professionisti di SNPS;T2;2025;PNC-E.1.3-219
PNC-E.1;PNC-E.1.4;MS - Min Salute;Salute, ambiente, biodiversità e clima;4) promozione e finanziamento di ricerca applicata con approcci multidisciplinari in specifiche aree di intervento salute-ambiente-clima;N/A;Pubblicazione bando, aggiudicazione (entro 3 mesi successivi) e avvio interventi (entro 3 mesi successivi);T2;2022;PNC-E.1.4-220
PNC-E.1;PNC-E.1.4;MS - Min Salute;Salute, ambiente, biodiversità e clima;4) promozione e finanziamento di ricerca applicata con approcci multidisciplinari in specifiche aree di intervento salute-ambiente-clima;N/A;Almeno 14 programmi attivati di promozione e finanziamento di ricerca applicata con approcci multidisciplinari in specifiche aree di intervento salute-ambiente-clima.;T4;2026;PNC-E.1.4-221
PNC-E.1;PNC-E.1.5;MS - Min Salute;Salute, ambiente, biodiversità e clima;5) piattaforma di rete digitale nazionale snpa-snps;N/A;Piano di azione MdS-ISS;T2;2022;PNC-E.1.5-222
PNC-E.1;PNC-E.1.5;MS - Min Salute;Salute, ambiente, biodiversità e clima;5) piattaforma di rete digitale nazionale snpa-snps;N/A;Provvedimento di adozione Piano di Digitalizzazione della rete SNPS e SNPA;T2;2023;PNC-E.1.5-223
PNC-E.1;PNC-E.1.5;MS - Min Salute;Salute, ambiente, biodiversità e clima;5) piattaforma di rete digitale nazionale snpa-snps;N/A;Procedure pubbliche di procurement riferite alla Piattaforma digitale nazionale: pubblicazione bando, aggiudicazione (entro 3 mesi successivi) e avvio interventi (entro 3 mesi successivi).;T3;2023;PNC-E.1.5-224
PNC-E.1;PNC-E.1.5;MS - Min Salute;Salute, ambiente, biodiversità e clima;5) piattaforma di rete digitale nazionale snpa-snps;N/A;Completamento 25 % transizione dati;T4;2025;PNC-E.1.5-225
PNC-E.1;PNC-E.1.5;MS - Min Salute;Salute, ambiente, biodiversità e clima;5) piattaforma di rete digitale nazionale snpa-snps;N/A;Almeno 50% della rete dati SNPS-SNPA (almeno 10 anni retrospettivi) attivata, su piattaforma di rete digitale nazionale SNPA-SNPS, funzionale all'acquisizione, elaborazione, integrazione, analisi, interpretazione e condivisione di dati di monitoraggio e sorveglianza, modellistica e informazioni rilevanti per salute-ambiente-clima.;T4;2026;PNC-E.1.5-226
PNC-E.2;PNC-E.2;MS - Min Salute;Verso un nuovo ospedale sicuro e sostenibile;N/A;N/A;Decreto ministeriale di approvazione del piano d’azione con individuazione degli interventi e assegnazione delle risorse alle Regioni;T2;2022;PNC-E.2-227
PNC-E.2;PNC-E.2;MS - Min Salute;Verso un nuovo ospedale sicuro e sostenibile;N/A;N/A;Pubblicazione di gare d'appalto o accordo quadro per interventi antisismici da parte delle Regioni, anche attraverso gli Enti del Ssn;T1;2023;PNC-E.2-228
PNC-E.2;PNC-E.2;MS - Min Salute;Verso un nuovo ospedale sicuro e sostenibile;N/A;N/A;Sottoscrizione dei contratti da parte delle Regioni, anche attraverso gli Enti del Ssn;T3;2023;PNC-E.2-229
PNC-E.2;PNC-E.2;MS - Min Salute;Verso un nuovo ospedale sicuro e sostenibile;N/A;N/A;Avvio dei lavori da parte delle Regioni, anche attraverso gli Enti del Ssn;T4;2023;PNC-E.2-230
PNC-E.2;PNC-E.2;MS - Min Salute;Verso un nuovo ospedale sicuro e sostenibile;N/A;N/A;Ultimazione dei lavori - Completamento degli interventi di adeguamento nel rispetto delle normative antisismiche;T4;2026;PNC-E.2-231
PNC-E.3;PNC-E.3;MS - Min Salute;Ecosistema innovativo della salute;N/A;N/A;Perfezionamento del decreto approvazione della procedura ad evidenza pubblica;T1;2022;PNC-E.3-232
PNC-E.3;PNC-E.3;MS - Min Salute;Ecosistema innovativo della salute;N/A;N/A;"Pubblicazione ed espletamento delle procedure ad evidenza pubblica per: la creazione di una rete coordinata di centri per il trasferimento tecnologico con una articolazione a più livelli, inclusivo delle diverse realtà e coordinato da un soggetto attuatore; il rafforzamento dei Life Science Hub possibilmente in continuità con POS traiettoria; la creazione di un Polo Anti-Pandemia.";T2;2022;PNC-E.3-233
PNC-E.3;PNC-E.3;MS - Min Salute;Ecosistema innovativo della salute;N/A;N/A;Aggiudicazione e stipula atti formali con i soggetti attuatori ed impegno/erogazione 1°  quota di finanziamento ai soggetti attuatori pari al 20% dei fondi totali disponibili;T4;2022;PNC-E.3-234
PNC-E.3;PNC-E.3;MS - Min Salute;Ecosistema innovativo della salute;N/A;N/A;monitoraggio stato di attuazione previsto negli atti formali (convenzioni e/o accordi), rendicontazione, verifica dello stato di avanzamento del progetto - pagamento 2°  quota di finanziamento ai soggetti attuatori pari al 20% dei fondi totali disponibili per l’intero programma salvo residui anno precedente;T4;2023;PNC-E.3-235
PNC-E.3;PNC-E.3;MS - Min Salute;Ecosistema innovativo della salute;N/A;N/A;monitoraggio stato di attuazione previsto negli atti formali (convenzioni e/o accordi), rendicontazione, verifica dello stato di avanzamento del progetto - pagamento 3°  quota di finanziamento ai soggetti attuatori pari al 15% dei fondi totali disponibili per l’intero programma salvo residui anni precedenti;T4;2024;PNC-E.3-236
PNC-E.3;PNC-E.3;MS - Min Salute;Ecosistema innovativo della salute;N/A;N/A;monitoraggio stato di attuazione previsto negli atti formali (convenzioni e/o accordi), rendicontazione, verifica dello stato di avanzamento del progetto - pagamento 4°  quota di finanziamento ai soggetti attuatori pari al 10% dei fondi totali disponibili per l’intero programma salvo residui anni precedenti;T4;2025;PNC-E.3-237
PNC-E.3;PNC-E.3;MS - Min Salute;Ecosistema innovativo della salute;N/A;N/A;monitoraggio stato di attuazione previsto negli atti formali (convenzioni e/o accordi), rendicontazione, verifica completamento del progetto - pagamento saldo 5° quota di finanziamento ai soggetti attuatori pari alla quota di disponibilità dell’anno e eventuali residui anni precedenti;T4;2026;PNC-E.3-238
PNC-F.1;PNC-F.1;MISE - Min Svil Eco;Polis - Case dei servizi di cittadinanza digitale;N/A;N/A;Notifica UE e Sottoscrizione Convenzione tra MISE, Ministero PA e Poste Italiane;T3;2021;PNC-F.1-239
PNC-F.1;PNC-F.1;MISE - Min Svil Eco;Polis - Case dei servizi di cittadinanza digitale;N/A;N/A;Autorizzazione UE;T4;2021;PNC-F.1-240
PNC-F.1;PNC-F.1;MISE - Min Svil Eco;Polis - Case dei servizi di cittadinanza digitale;N/A;N/A;Pubblicazione dei bandi di gara;T1;2022;PNC-F.1-241
PNC-F.1;PNC-F.1;MISE - Min Svil Eco;Polis - Case dei servizi di cittadinanza digitale;N/A;N/A;Aggiudicazione gare appalto;T2;2022;PNC-F.1-242
PNC-F.1;PNC-F.1;MISE - Min Svil Eco;Polis - Case dei servizi di cittadinanza digitale;N/A;N/A;Realizzazione interventi pilota;T3;2022;PNC-F.1-243
PNC-F.1;PNC-F.1;MISE - Min Svil Eco;Polis - Case dei servizi di cittadinanza digitale;N/A;N/A;"Avvio sviluppo piattaforma multicanale per erogazione servizi PA; Avvio lavori di trasformazione Uffici Postali (UP) per implementazione HUB PA; Avvio lavori per realizzazione spazi di coworking ed attività educative";T4;2022;PNC-F.1-244
PNC-F.1;PNC-F.1;MISE - Min Svil Eco;Polis - Case dei servizi di cittadinanza digitale;N/A;N/A;Completamento ed attivazione piattaforma multicanale;T2;2023;PNC-F.1-245
PNC-F.1;PNC-F.1;MISE - Min Svil Eco;Polis - Case dei servizi di cittadinanza digitale;N/A;N/A;"Realizzazione di interventi su almeno 1.500 UP; Collaudo 150 interventi di coworking ed attività educative";T4;2023;PNC-F.1-246
PNC-F.1;PNC-F.1;MISE - Min Svil Eco;Polis - Case dei servizi di cittadinanza digitale;N/A;N/A;Collaudo interventi di realizzazione dei 250 spazi per il coworking e le attività educative Realizzazione di interventi su almeno 2.800 UP;T4;2024;PNC-F.1-247
PNC-F.1;PNC-F.1;MISE - Min Svil Eco;Polis - Case dei servizi di cittadinanza digitale;N/A;N/A;Collaudo interventi di trasformazione green e digital dei 6910 uffici postali;T4;2026;PNC-F.1-248
PNC-F.2;PNC-F.2;MISE - Min Svil Eco;Transizione 4.0;N/A;N/A;"Rafforzamento misura PNRR M1C2- Investimento 1: ""Transizione 4.0""";N/A;N/A;PNC-F.2-N4
PNC-F.3;PNC-F.3;MISE - Min Svil Eco;Accordi per l'Innovazione;N/A;N/A;Pubblicazione del bando per la selezione del soggetto gestore e aggiudicazione.;T3;2021;PNC-F.3-249
PNC-F.3;PNC-F.3;MISE - Min Svil Eco;Accordi per l'Innovazione;N/A;N/A;"DM MISE semplificazione amministrativa della procedura prevista per accordi di innovazione; Convenzione tra Ministero e Soggetto gestore per l’affidamento del servizio di assistenza e supporto per l’espletamento degli adempimenti tecnico-amministrativi e istruttori connessi alla concessione, all’erogazione, ai controlli e al monitoraggio delle agevolazioni concesse.";T4;2021;PNC-F.3-250
PNC-F.3;PNC-F.3;MISE - Min Svil Eco;Accordi per l'Innovazione;N/A;N/A;Adozione Decreto direttoriale di apertura sportello e definizione termini e condizioni per l’accesso alle agevolazioni.;T1;2022;PNC-F.3-251
PNC-F.3;PNC-F.3;MISE - Min Svil Eco;Accordi per l'Innovazione;N/A;N/A;Emanazione decreti di concessione delle agevolazioni per ammontare pari ad almeno il 30% delle risorse stanziate per la misura.;T4;2022;PNC-F.3-252
PNC-F.3;PNC-F.3;MISE - Min Svil Eco;Accordi per l'Innovazione;N/A;N/A;Emanazione decreti di concessione delle agevolazioni per ammontare pari al 100% delle risorse stanziate per la misura.;T2;2023;PNC-F.3-253
PNC-F.3;PNC-F.3;MISE - Min Svil Eco;Accordi per l'Innovazione;N/A;N/A;Erogazione di almeno il 5% delle risorse complessive stanziate.;T4;2023;PNC-F.3-254
PNC-F.3;PNC-F.3;MISE - Min Svil Eco;Accordi per l'Innovazione;N/A;N/A;Erogazione di almeno il 35 % delle risorse complessive stanziate.;T4;2024;PNC-F.3-255
PNC-F.3;PNC-F.3;MISE - Min Svil Eco;Accordi per l'Innovazione;N/A;N/A;Numero di imprese con progetti finanziati: 308.;T4;2026;PNC-F.3-256
PNC-G.1;PNC-G.1.1;Ministero Giustizia;Costruzione e Miglioramento padiglioni e spazi strutture penitenziarie per adulti e minori;1. Miglioramento degli spazi e della qualità della vita carceraria nelle carceri per adulti (DAP), attraverso la costruzione di 8 nuovi padiglioni “modello” per detenuti adulti;N/A;50% dei bandi di gara pubblicati per l’affidamento del servizio di ingegneria/architettura;T1;2022;PNC-G.1.1-257
PNC-G.1;PNC-G.1.1;Ministero Giustizia;Costruzione e Miglioramento padiglioni e spazi strutture penitenziarie per adulti e minori;1. Miglioramento degli spazi e della qualità della vita carceraria nelle carceri per adulti (DAP), attraverso la costruzione di 8 nuovi padiglioni “modello” per detenuti adulti;N/A;"50% aggiudicazione definitiva dei servizi di ingegneria/architettura; 50% dei bandi di gara pubblicati per l’affidamento del servizio di ingegneria/architettura.";T2;2022;PNC-G.1.1-258
PNC-G.1;PNC-G.1.1;Ministero Giustizia;Costruzione e Miglioramento padiglioni e spazi strutture penitenziarie per adulti e minori;1. Miglioramento degli spazi e della qualità della vita carceraria nelle carceri per adulti (DAP), attraverso la costruzione di 8 nuovi padiglioni “modello” per detenuti adulti;N/A;"50% aggiudicazione definitiva dei servizi di ingegneria/architettura;";T3;2022;PNC-G.1.1-259
PNC-G.1;PNC-G.1.1;Ministero Giustizia;Costruzione e Miglioramento padiglioni e spazi strutture penitenziarie per adulti e minori;1. Miglioramento degli spazi e della qualità della vita carceraria nelle carceri per adulti (DAP), attraverso la costruzione di 8 nuovi padiglioni “modello” per detenuti adulti;N/A;"50% approvazione del livello di progettazione da porre a base di gara;";T4;2022;PNC-G.1.1-260
PNC-G.1;PNC-G.1.1;Ministero Giustizia;Costruzione e Miglioramento padiglioni e spazi strutture penitenziarie per adulti e minori;1. Miglioramento degli spazi e della qualità della vita carceraria nelle carceri per adulti (DAP), attraverso la costruzione di 8 nuovi padiglioni “modello” per detenuti adulti;N/A;"50% pubblicazione bandi di gara per l’affidamento dei lavori; 50% approvazione del livello di progettazione da porre a base di gara;";T1;2023;PNC-G.1.1-261
PNC-G.1;PNC-G.1.1;Ministero Giustizia;Costruzione e Miglioramento padiglioni e spazi strutture penitenziarie per adulti e minori;1. Miglioramento degli spazi e della qualità della vita carceraria nelle carceri per adulti (DAP), attraverso la costruzione di 8 nuovi padiglioni “modello” per detenuti adulti;N/A;"50% aggiudicazione definitiva l’affidamento lavori; 50% pubblicazione bandi di gara per l’affidamento dei lavori;";T2;2023;PNC-G.1.1-262
PNC-G.1;PNC-G.1.1;Ministero Giustizia;Costruzione e Miglioramento padiglioni e spazi strutture penitenziarie per adulti e minori;1. Miglioramento degli spazi e della qualità della vita carceraria nelle carceri per adulti (DAP), attraverso la costruzione di 8 nuovi padiglioni “modello” per detenuti adulti;N/A;"50% stipula contratto d’appalto; 50% aggiudicazione definitiva affidamento dei lavori;";T3;2023;PNC-G.1.1-263
PNC-G.1;PNC-G.1.1;Ministero Giustizia;Costruzione e Miglioramento padiglioni e spazi strutture penitenziarie per adulti e minori;1. Miglioramento degli spazi e della qualità della vita carceraria nelle carceri per adulti (DAP), attraverso la costruzione di 8 nuovi padiglioni “modello” per detenuti adulti;N/A;"25% stipula contratto d’appalto;";T4;2023;PNC-G.1.1-264
PNC-G.1;PNC-G.1.1;Ministero Giustizia;Costruzione e Miglioramento padiglioni e spazi strutture penitenziarie per adulti e minori;1. Miglioramento degli spazi e della qualità della vita carceraria nelle carceri per adulti (DAP), attraverso la costruzione di 8 nuovi padiglioni “modello” per detenuti adulti;N/A;"Avvio dei lavori per il 50% degli interventi previsti;";T1;2024;PNC-G.1.1-265
PNC-G.1;PNC-G.1.1;Ministero Giustizia;Costruzione e Miglioramento padiglioni e spazi strutture penitenziarie per adulti e minori;1. Miglioramento degli spazi e della qualità della vita carceraria nelle carceri per adulti (DAP), attraverso la costruzione di 8 nuovi padiglioni “modello” per detenuti adulti;N/A;50% stipula contratto d’appalto;T2;2024;PNC-G.1.1-266
PNC-G.1;PNC-G.1.1;Ministero Giustizia;Costruzione e Miglioramento padiglioni e spazi strutture penitenziarie per adulti e minori;1. Miglioramento degli spazi e della qualità della vita carceraria nelle carceri per adulti (DAP), attraverso la costruzione di 8 nuovi padiglioni “modello” per detenuti adulti;N/A;Avvio dei lavori pari al 100% degli interventi previsti;T3;2024;PNC-G.1.1-267
PNC-G.1;PNC-G.1.1;Ministero Giustizia;Costruzione e Miglioramento padiglioni e spazi strutture penitenziarie per adulti e minori;1. Miglioramento degli spazi e della qualità della vita carceraria nelle carceri per adulti (DAP), attraverso la costruzione di 8 nuovi padiglioni “modello” per detenuti adulti;N/A;Avvio dei lavori per il 100% delle gare;T1;2025;PNC-G.1.1-268
PNC-G.1;PNC-G.1.1;Ministero Giustizia;Costruzione e Miglioramento padiglioni e spazi strutture penitenziarie per adulti e minori;1. Miglioramento degli spazi e della qualità della vita carceraria nelle carceri per adulti (DAP), attraverso la costruzione di 8 nuovi padiglioni “modello” per detenuti adulti;N/A;"75% ultimazione dei lavori relativi agli interventi previsti ed avvio collaudo tecnico-amministrativo;";T3;2025;PNC-G.1.1-269
PNC-G.1;PNC-G.1.1;Ministero Giustizia;Costruzione e Miglioramento padiglioni e spazi strutture penitenziarie per adulti e minori;1. Miglioramento degli spazi e della qualità della vita carceraria nelle carceri per adulti (DAP), attraverso la costruzione di 8 nuovi padiglioni “modello” per detenuti adulti;N/A;"100% ultimazione dei lavori relativi agli interventi previsti ed avvio collaudo tecnico-amministrativo;";T4;2025;PNC-G.1.1-270
PNC-G.1;PNC-G.1.1;Ministero Giustizia;Costruzione e Miglioramento padiglioni e spazi strutture penitenziarie per adulti e minori;1. Miglioramento degli spazi e della qualità della vita carceraria nelle carceri per adulti (DAP), attraverso la costruzione di 8 nuovi padiglioni “modello” per detenuti adulti;N/A;"100% degli interventi emissione del certificato di collaudo tecnico-amministrativo;";T1;2026;PNC-G.1.1-271
PNC-G.1;PNC-G.1.1;Ministero Giustizia;Costruzione e Miglioramento padiglioni e spazi strutture penitenziarie per adulti e minori;1. Miglioramento degli spazi e della qualità della vita carceraria nelle carceri per adulti (DAP), attraverso la costruzione di 8 nuovi padiglioni “modello” per detenuti adulti;N/A;8 nuovi padiglioni realizzati e positivamente collaudati;T4;2026;PNC-G.1.1-272
PNC-G.1;PNC-G.1.2;Ministero Giustizia;Costruzione e Miglioramento padiglioni e spazi strutture penitenziarie per adulti e minori;2. Adeguamento strutturale, aumento dell’efficienza energetica ed interventi antisismici di quattro complessi demaniali sede di Istituti penali per i minorenni;N/A;75% dei bandi di gara pubblicati per l’affidamento del servizio di ingegneria/architettura;T1;2022;PNC-G.1.2-273
PNC-G.1;PNC-G.1.2;Ministero Giustizia;Costruzione e Miglioramento padiglioni e spazi strutture penitenziarie per adulti e minori;2. Adeguamento strutturale, aumento dell’efficienza energetica ed interventi antisismici di quattro complessi demaniali sede di Istituti penali per i minorenni;N/A;"75% aggiudicazione definitiva dei servizi di ingegneria/architettura; 25% dei bandi di gara pubblicati per l’affidamento del servizio di ingegneria/architettura.";T2;2022;PNC-G.1.2-274
PNC-G.1;PNC-G.1.2;Ministero Giustizia;Costruzione e Miglioramento padiglioni e spazi strutture penitenziarie per adulti e minori;2. Adeguamento strutturale, aumento dell’efficienza energetica ed interventi antisismici di quattro complessi demaniali sede di Istituti penali per i minorenni;N/A;"25% aggiudicazione definitiva dei servizi di ingegneria/architettura;";T3;2022;PNC-G.1.2-275
PNC-G.1;PNC-G.1.2;Ministero Giustizia;Costruzione e Miglioramento padiglioni e spazi strutture penitenziarie per adulti e minori;2. Adeguamento strutturale, aumento dell’efficienza energetica ed interventi antisismici di quattro complessi demaniali sede di Istituti penali per i minorenni;N/A;"75% approvazione del livello di progettazione da porre a base di gara;";T4;2022;PNC-G.1.2-276
PNC-G.1;PNC-G.1.2;Ministero Giustizia;Costruzione e Miglioramento padiglioni e spazi strutture penitenziarie per adulti e minori;2. Adeguamento strutturale, aumento dell’efficienza energetica ed interventi antisismici di quattro complessi demaniali sede di Istituti penali per i minorenni;N/A;"75% pubblicazione bandi di gara per l’affidamento dei lavori; 25% approvazione del livello di progettazione da porre a base di gara;";T1;2023;PNC-G.1.2-277
PNC-G.1;PNC-G.1.2;Ministero Giustizia;Costruzione e Miglioramento padiglioni e spazi strutture penitenziarie per adulti e minori;2. Adeguamento strutturale, aumento dell’efficienza energetica ed interventi antisismici di quattro complessi demaniali sede di Istituti penali per i minorenni;N/A;"75% aggiudicazione definitiva l’affidamento lavori; 25% pubblicazione bandi di gara per l’affidamento dei lavori;";T2;2023;PNC-G.1.2-278
PNC-G.1;PNC-G.1.2;Ministero Giustizia;Costruzione e Miglioramento padiglioni e spazi strutture penitenziarie per adulti e minori;2. Adeguamento strutturale, aumento dell’efficienza energetica ed interventi antisismici di quattro complessi demaniali sede di Istituti penali per i minorenni;N/A;"75% stipula contratto d’appalto; 25% aggiudicazione definitiva affidamento dei lavori;";T3;2023;PNC-G.1.2-279
PNC-G.1;PNC-G.1.2;Ministero Giustizia;Costruzione e Miglioramento padiglioni e spazi strutture penitenziarie per adulti e minori;2. Adeguamento strutturale, aumento dell’efficienza energetica ed interventi antisismici di quattro complessi demaniali sede di Istituti penali per i minorenni;N/A;"25% stipula contratto d’appalto;";T4;2023;PNC-G.1.2-280
PNC-G.1;PNC-G.1.2;Ministero Giustizia;Costruzione e Miglioramento padiglioni e spazi strutture penitenziarie per adulti e minori;2. Adeguamento strutturale, aumento dell’efficienza energetica ed interventi antisismici di quattro complessi demaniali sede di Istituti penali per i minorenni;N/A;Avvio dei lavori per il 75% degli interventi previsti;T1;2024;PNC-G.1.2-281
PNC-G.1;PNC-G.1.2;Ministero Giustizia;Costruzione e Miglioramento padiglioni e spazi strutture penitenziarie per adulti e minori;2. Adeguamento strutturale, aumento dell’efficienza energetica ed interventi antisismici di quattro complessi demaniali sede di Istituti penali per i minorenni;N/A;25% stipula contratto d’appalto;T2;2024;PNC-G.1.2-282
PNC-G.1;PNC-G.1.2;Ministero Giustizia;Costruzione e Miglioramento padiglioni e spazi strutture penitenziarie per adulti e minori;2. Adeguamento strutturale, aumento dell’efficienza energetica ed interventi antisismici di quattro complessi demaniali sede di Istituti penali per i minorenni;N/A;Avvio dei lavori pari al 100% degli interventi previsti;T3;2024;PNC-G.1.2-283
PNC-G.1;PNC-G.1.2;Ministero Giustizia;Costruzione e Miglioramento padiglioni e spazi strutture penitenziarie per adulti e minori;2. Adeguamento strutturale, aumento dell’efficienza energetica ed interventi antisismici di quattro complessi demaniali sede di Istituti penali per i minorenni;N/A;"75% ultimazione dei lavori relativi agli interventi previsti ed avvio collaudo tecnico-amministrativo;";T3;2025;PNC-G.1.2-284
PNC-G.1;PNC-G.1.2;Ministero Giustizia;Costruzione e Miglioramento padiglioni e spazi strutture penitenziarie per adulti e minori;2. Adeguamento strutturale, aumento dell’efficienza energetica ed interventi antisismici di quattro complessi demaniali sede di Istituti penali per i minorenni;N/A;"100% ultimazione dei lavori relativi agli interventi previsti ed avvio collaudo tecnico-amministrativo;";T4;2025;PNC-G.1.2-285
PNC-G.1;PNC-G.1.2;Ministero Giustizia;Costruzione e Miglioramento padiglioni e spazi strutture penitenziarie per adulti e minori;2. Adeguamento strutturale, aumento dell’efficienza energetica ed interventi antisismici di quattro complessi demaniali sede di Istituti penali per i minorenni;N/A;"100% degli interventi emissione del certificato di collaudo tecnico-amministrativo;";T1;2026;PNC-G.1.2-286
PNC-G.1;PNC-G.1.2;Ministero Giustizia;Costruzione e Miglioramento padiglioni e spazi strutture penitenziarie per adulti e minori;2. Adeguamento strutturale, aumento dell’efficienza energetica ed interventi antisismici di quattro complessi demaniali sede di Istituti penali per i minorenni;N/A;32 mila mq di superfici oggetto di interventi di adeguamento strutturale, aumento dell’efficienza energetica ed interventi antisismici, con positivo collaudo delle opere realizzate.;T4;2026;PNC-G.1.2-287
PNC-H.1;PNC-H.1;MIPAAF - Min Pol Agr;Contratti di filiera e distrettuali per i settori agroalimentare, pesca e acquacoltura, silvicoltura, floricoltura e vivaismo;N/A;N/A;Provvedimento di attribuzione beneficio della graduatoria dei progetti già presentati;T3;2021;PNC-H.1-288
PNC-H.1;PNC-H.1;MIPAAF - Min Pol Agr;Contratti di filiera e distrettuali per i settori agroalimentare, pesca e acquacoltura, silvicoltura, floricoltura e vivaismo;N/A;N/A;"Decreto ministeriale per la Definizione e pubblicazione nuovo bando settore agroalimentare; Definizione regime di aiuti per altri settori (pesca e acquacoltura, silvicoltura, floricoltura e vivaismo)";T4;2021;PNC-H.1-289
PNC-H.1;PNC-H.1;MIPAAF - Min Pol Agr;Contratti di filiera e distrettuali per i settori agroalimentare, pesca e acquacoltura, silvicoltura, floricoltura e vivaismo;N/A;N/A;Pubblicazione bandi altri settori;T1;2022;PNC-H.1-290
PNC-H.1;PNC-H.1;MIPAAF - Min Pol Agr;Contratti di filiera e distrettuali per i settori agroalimentare, pesca e acquacoltura, silvicoltura, floricoltura e vivaismo;N/A;N/A;Approvazione delle graduatorie finali per la concessione degli aiuti finanziari settore agroalimentare;T1;2023;PNC-H.1-291
PNC-H.1;PNC-H.1;MIPAAF - Min Pol Agr;Contratti di filiera e distrettuali per i settori agroalimentare, pesca e acquacoltura, silvicoltura, floricoltura e vivaismo;N/A;N/A;"Approvazione delle graduatorie finali per la concessione degli aiuti finanziari altri settori; Numero di nuovi contratti per la filiera e di distretto firmati [obiettivo unico per tutti i settori]: 46";T2;2023;PNC-H.1-292
PNC-I.1;PNC-I.1;MUR - Min Uni e Ric;Iniziative di ricerca per tecnologie e percorsi innovativi in ​​ambito sanitario e assistenziale;N/A;N/A;"Pubblicazione da parte del MUR del primo bando (in due finestre) per il finanziamento di progetti di ricerca nell’ambito di tecnologie e percorsi innovativi in ambito sanitario e assistenziale; Apertura della prima finestra del primo bando.";T2;2022;PNC-I.1-293
PNC-I.1;PNC-I.1;MUR - Min Uni e Ric;Iniziative di ricerca per tecnologie e percorsi innovativi in ​​ambito sanitario e assistenziale;N/A;N/A;Decreto di ammissione al finanziamento dei progetti selezionati e avvio dei progetti per la prima finestra del primo bando.;T4;2022;PNC-I.1-294
PNC-I.1;PNC-I.1;MUR - Min Uni e Ric;Iniziative di ricerca per tecnologie e percorsi innovativi in ​​ambito sanitario e assistenziale;N/A;N/A;Apertura della seconda finestra del primo bando e ricezione delle proposte progettuali per la seconda finestra del primo bando.;T2;2023;PNC-I.1-295
PNC-I.1;PNC-I.1;MUR - Min Uni e Ric;Iniziative di ricerca per tecnologie e percorsi innovativi in ​​ambito sanitario e assistenziale;N/A;N/A;Decreto di ammissione al finanziamento dei progetti selezionati e avvio dei progetti per la seconda finestra del primo bando.;T4;2023;PNC-I.1-296
PNC-I.1;PNC-I.1;MUR - Min Uni e Ric;Iniziative di ricerca per tecnologie e percorsi innovativi in ​​ambito sanitario e assistenziale;N/A;N/A;"Predisposizione del secondo bando (in tre finestre) e relativa pubblicazione; Apertura della prima finestra del secondo bando.";T3;2024;PNC-I.1-297
PNC-I.1;PNC-I.1;MUR - Min Uni e Ric;Iniziative di ricerca per tecnologie e percorsi innovativi in ​​ambito sanitario e assistenziale;N/A;N/A;Decreto di ammissione al finanziamento dei progetti selezionati e avvio dei progetti per la prima finestra del secondo bando.;T4;2024;PNC-I.1-298
PNC-I.1;PNC-I.1;MUR - Min Uni e Ric;Iniziative di ricerca per tecnologie e percorsi innovativi in ​​ambito sanitario e assistenziale;N/A;N/A;Apertura della seconda finestra del secondo bando.;T2;2025;PNC-I.1-299
PNC-I.1;PNC-I.1;MUR - Min Uni e Ric;Iniziative di ricerca per tecnologie e percorsi innovativi in ​​ambito sanitario e assistenziale;N/A;N/A;Decreto di ammissione al finanziamento dei progetti selezionati e avvio dei progetti per la seconda finestra del secondo bando.;T4;2025;PNC-I.1-300
PNC-I.1;PNC-I.1;MUR - Min Uni e Ric;Iniziative di ricerca per tecnologie e percorsi innovativi in ​​ambito sanitario e assistenziale;N/A;N/A;Apertura della terza finestra del secondo bando.;T2;2026;PNC-I.1-301
PNC-I.1;PNC-I.1;MUR - Min Uni e Ric;Iniziative di ricerca per tecnologie e percorsi innovativi in ​​ambito sanitario e assistenziale;N/A;N/A;Decreto di ammissione al finanziamento dei progetti selezionati e avvio dei progetti per la terza finestra del secondo bando.;T4;2026;PNC-I.1-302
PNC-L.1;PNC-L.1;MINT - Min Interno;Piani urbani integrati;N/A;N/A;"Rafforzamento misura PNRR M5C2 Investimento 5: ""Piani urbani integrati (progetti generali e superamento degli insediamenti abusivi per combattere lo sfruttamento dei lavoratori in agricoltura)""";N/A;N/A;PNC-L.1-N5
PNC-M.1;PNC-M.1;MITE - Min Tran Ecol;Ecobonus e Sismabonus fino al 110% per l'efficienza energetica e la sicurezza degli edifici;N/A;N/A;"Rafforzamento degli obiettivi del PNRR - misura PNRR M2C3 Investimento 2.1: ""Rafforzamento dell'Ecobonus e del Sismabonus per l'efficienza energetica e la sicurezza degli edifici""";N/A;N/A;PNC-M.1-N6
